"conversation_id_str","created_at","favorite_count","full_text","id_str","image_url","in_reply_to_screen_name","lang","location","quote_count","reply_count","retweet_count","tweet_url","user_id_str","username"
"1861248451029475451","Tue Nov 26 03:19:45 +0000 2024","15701","Buat WNI yang masih betah tinggal di Indonesia dalam waktu lama dan bingung uangnya buat apa ditaroh di Sukuk Tabungan BRI aja. Daripada Investasi ke mana mana gak jelas lumayan tiap bulan dapet penghasilan udah kaya nerima uang kost-an. Hahaha https://t.co/Cf5kuMI9a1","1861248451029475451","https://pbs.twimg.com/media/GdR7mS2aoAA8CZ3.jpg","","in","","523","528","2038","https://x.com/undefined/status/1861248451029475451","139315638",
"1627614563708588032","Mon Feb 20 10:22:06 +0000 2023","220","Dalam investasi pasar modal ada Rapat Umum Pemegang Saham - RUPS dan Public Expose Seperti contoh di bawah ini yg BBRI akan mengadakan RUPS tanggal 13 Maret 2023 nanti Apa perbedaan keduanya dan apa saja agenda yg perlu diperhatikan investor? https://t.co/Xqou4jG4Ey","1627614563708588032","https://pbs.twimg.com/media/FpZy0KyaYAIBRl-.jpg","","in","","1","2","37","https://x.com/undefined/status/1627614563708588032","574453228",
"1854840391725728174","Fri Nov 08 10:56:25 +0000 2024","19315","Selain Mixue ada lagi yang punya cabang di mana-mana btw yaitu bank BRI‍️ Sebelum beli lot BBRI kemarin aku sempat kepoin soal sejarahnya buat tau track record &amp; perjalanan bank ini. Ternyata seru juga! BRI pertama kali berdiri di Purwokerto th 1895 awalnya menarik banget. https://t.co/RqFFFakcZc","1854840391725728174","https://pbs.twimg.com/media/Gb23gQ8bwAIAo5O.jpg","","in","","225","180","2534","https://x.com/undefined/status/1854840391725728174","1080481376623722507",
"1872958184811577738","Sat Dec 28 10:50:03 +0000 2024","250","Untuk Tahun 2025 Gw tetap pakai skema investasi yang sama seperti tahun 2024 yaitu : - Dividen hunter - Kolektor IPO Sama tambahan 1 lagi - ngurusin $BBRI yg lagi nyangkut 12%. Hahaha Jadi kemungkinan 3 topik di atas yang tetap mendominasi di X gw https://t.co/iELaJfgfIs","1872958184811577738","https://pbs.twimg.com/media/Gf4Vix5awAMYbA-.jpg","","in","","9","32","14","https://x.com/undefined/status/1872958184811577738","1634788663",
"1820624326548394241","Tue Aug 06 00:53:59 +0000 2024","167","Ingin mulai investasi tapi bingung mulai dari mana? BRImo punya solusi! Buka RDN melalui BRImo dan akses investasi langsung di aplikasi Brights. Mulai investasi sekarang biar makin cuan! info lebih lanjut: https://t.co/N3DWLwQge6 #BRImo #BRImoMudahSerbaBisa https://t.co/M5KQRsQ45k","1820624326548394241","https://pbs.twimg.com/ext_tw_video_thumb/1820624209804148736/pu/img/FlktBBEDy-2eUrbd.jpg","","in","","0","210","27","https://x.com/undefined/status/1820624326548394241","1398703135",
"1844204447976784098","Thu Oct 10 02:32:58 +0000 2024","0","Ayo #BBRI semangat ke 4600 #saham #investasi https://t.co/sCcoGichmR","1844204447976784098","https://pbs.twimg.com/ext_tw_video_thumb/1844204419757531137/pu/img/Sg45Ik3PvLzzvWjV.jpg","","in","","0","0","0","https://x.com/undefined/status/1844204447976784098","1794297861926170624",
"1818492310667055158","Wed Jul 31 03:42:07 +0000 2024","33","Sobat BRI Jangan tunda lagi investasi propertimu mulai dari sini! Info lebih lanjut kunjungi https://t.co/v93oHI4yPM #KPRBRI #MudahCepatPunyaRumah #KPRkavling https://t.co/F9V0v4j6CY","1818492310667055158","https://pbs.twimg.com/ext_tw_video_thumb/1818492272633430016/pu/img/plkFscierIkfZ7ds.jpg","","in","","0","21","16","https://x.com/undefined/status/1818492310667055158","1398703135",
"1796163769531277805","Thu May 30 12:56:28 +0000 2024","162","Investasi emas makin pas di BRImo ️ Sobat BRI dukung tim kesayangan kamu di BRI Liga 1 sekaligus dukung masa depan kamu dengan mulai investasi emas sekarang! Info lebih lanjut: https://t.co/ShPL9fmD7W #BRImo #BRImoMudahSerbaBisa https://t.co/w3vAcy7Mef","1796163769531277805","https://pbs.twimg.com/ext_tw_video_thumb/1796163658294472704/pu/img/wX_W43qkvZQYAFUH.jpg","","in","","2","20","18","https://x.com/undefined/status/1796163769531277805","1398703135",
"1842808359138857051","Sun Oct 06 06:05:25 +0000 2024","228","Cara lihatnya bukan dari nominal rupiah itu saham beredarnya ada berapa dulu. Ggrm 15850 tapi saham beredarnya 1 9 M Bandingin bbri 4860 tapi saham beredarnya 151 M Kalau lu mau nguasai semuanya jauh bat dari 1 9 M ke 151 M bbri butuh duid 736 T kalai ggrm cuman 30 T https://t.co/OBuJKzCD4r","1842808359138857051","https://pbs.twimg.com/media/GZL4b1ha0AAPvad.jpg","","in","","0","7","35","https://x.com/undefined/status/1842808359138857051","1345898259445817345",
"1854840391725728174","Fri Nov 08 11:04:29 +0000 2024","366","Karena dr sejarahnya juga BRI dibangun supaya rakjat bisa nabung ngindarin rentenir ngelola dana masjid dll BRI juga sampai skrg mendukung iklusi dan literasi finansial rakjat dengan kehadiran BRILink layanannya sampai ke desa-desa terpentjil. Dr dulu konsisten memberi https://t.co/w4eVJHaxto","1854842423610089751","https://pbs.twimg.com/media/Gb25WaTa0AA61-E.jpg","senjatanuklir","in","","9","15","17","https://x.com/undefined/status/1854842423610089751","1080481376623722507",
"1839937024947827171","Sat Sep 28 07:55:45 +0000 2024","0","Yuk belajar saham Pengantar Investasi dan Saham di Indonesia from igbowox @ https://t.co/chW7XT93jZ #TimnasIndonesia #BlockbusterDevara #TrendingNow #saham #nabungsaham $bbri $bbca $tlkm $amrt $smsm https://t.co/1hpicwWI4j","1839937024947827171","https://pbs.twimg.com/ext_tw_video_thumb/1839937003980558336/pu/img/8Q2PS7Ng7xHKkL4w.jpg","","in","","0","0","0","https://x.com/undefined/status/1839937024947827171","9696162",
"1790167291562492116","Mon May 13 23:48:36 +0000 2024","7","Setelah drop lumayan banyak dalam dua bulan terakhir kira-kira saham saham BUMN perbankan kita ini masih berkemungkinan lanjut turun atau mulai rebound yaa mmmmm... #analisisteknikal #charting #saham #BBCA #BBRI #BMRI #BBNI #trading #investasi https://t.co/of7vmEBvYt","1790167291562492116","https://pbs.twimg.com/ext_tw_video_thumb/1790167225879703552/pu/img/4xavXzN4q507-P2N.jpg","","in","","5","2","3","https://x.com/undefined/status/1790167291562492116","448579151",
"1828751235576635879","Wed Aug 28 11:07:25 +0000 2024","13","SIAPA PERBANKAN TERBAIK DI INDONESIA...??? Belajar saham bareng di https://t.co/8W7xlQQBrz @youtube #SahamSetiapSaat #Investasi #Justalkmedia #BBCA #BBRI #BBNI #BMRI #Perbankan #saham https://t.co/DnY6jPKuNd","1828751235576635879","https://pbs.twimg.com/media/GWEHRnvbMAA9kTK.jpg","","in","","0","2","3","https://x.com/undefined/status/1828751235576635879","356049981",
"1753719980590293113","Sat Feb 03 10:00:00 +0000 2024","2","Saham BBRI tembus target harga profit sampai 3 14%. Yuk cek rekap mingguan Stock Pick Bareksa di video ini! #SuperAppInvestasi #Saham #Investasi https://t.co/J2xE5Qk3tg","1753719980590293113","https://pbs.twimg.com/ext_tw_video_thumb/1753368616941289472/pu/img/wb-hNKfCuXk5W3iH.jpg","","in","","0","0","0","https://x.com/undefined/status/1753719980590293113","920403926",
"1793250510356828367","Wed May 22 12:00:13 +0000 2024","493","Sobat BRI mo traveling mo investasi atau pun mo kuliner diskon hingga 50% tenang aja pakai BRImo. Yuk download BRImo sekarang nikmati kemudahan transaksi dalam genggaman! info lebih lanjut kunjungi https://t.co/JQTnHXPCvQ #BRImo #BRImoMudahSerbaBisa #PromoMerchantBRI https://t.co/hV6wPV7Crh","1793250510356828367","https://pbs.twimg.com/ext_tw_video_thumb/1793250489561448448/pu/img/tnBXxlTYCGxupauA.jpg","","in","","3","23","58","https://x.com/undefined/status/1793250510356828367","1398703135",
"1877343236790136921","Thu Jan 09 13:14:41 +0000 2025","298","Billkin si pakar investasi: Investasi ke hal yg skala resikonya bisa kamu tanganin/terima jgn ngambil resiko yg bisa jadi masalah Tahun ini aku investasi ke emas beli reksa dana Amerika dan Vietnam beli beberapa real estate BILLKIN EMG BEDA https://t.co/WGG989nipI","1877343236790136921","https://pbs.twimg.com/ext_tw_video_thumb/1877329605696290817/pu/img/b7_b_fY6oTNyYaOC.jpg","","in","","50","0","100","https://x.com/undefined/status/1877343236790136921","1734752975716044801",
"1581812157489897473","Mon Oct 17 00:59:41 +0000 2022","3937","JUST IN: Blibli akan IPO dengan kode BELI di harga Rp 410-460 senilai Rp 8 1 triliun. Listing 7 November 2022. Penjamin emisinya BCA Sekuritas dan BRI Danareksa. Pendapatan 2021 Rp 8 8 triliun dan Rugi Rp 3 3 triliun. https://t.co/HxQ4vdZL4n","1581812157489897473","https://pbs.twimg.com/media/FfO5eOoVQAM4oea.jpg","","in","","293","165","965","https://x.com/undefined/status/1581812157489897473","311312187",
"1759542738662646253","Mon Feb 19 11:37:34 +0000 2024","47","Investasi aman sekaligus peduli lingkungan dapat Anda raih bersama di Obligasi Green Bond dari BRI. Ayo investasi Green Bond melalui Brights untuk wujudkan ramah lingkungan! untuk informasi selengkapnya https://t.co/8Dxc8ZRy9j #PriorityBanking #BRIPrioritas #BRIPrivate https://t.co/p2lxDfKLCL","1759542738662646253","https://pbs.twimg.com/ext_tw_video_thumb/1759542673361518592/pu/img/UQzdeJhHurJjNBhp.jpg","","in","","0","13","7","https://x.com/undefined/status/1759542738662646253","1398703135",
"1859216920123478423","Wed Nov 20 12:47:22 +0000 2024","11","Ketika kredit dihapus bank harus mengembalikan tabungan dan deposito masyarakat utuh bersama dengan bunganya tentu tidak bisa sembarangan Untuk itu kita perlu memahami mekanisme kredit yang ada diperbankan Kredit di bank contoh BBRI dibagi: Modal Kerja Konsumsi &amp; Investasi https://t.co/TfKUdQaYI6","1859216969935065567","https://pbs.twimg.com/media/Gc1D-hJbcAA6rbA.jpg","Rudiyanto_zh","in","","0","1","1","https://x.com/undefined/status/1859216969935065567","574453228",
"1701867312922702280","Fri Jun 07 07:30:35 +0000 2024","0","Scalping makin mnuju k ARB: pengalaman investasi BBRI BY JO emang penuh warna: bisa euforik bagus bisa depresif ancur: Warren Buffet pasti tak bingung dengan situasi saham sperti BBRI: turunin aza trusz ada kok yang mo beli: https://t.co/BBF8Q9LpfI","1798980861041475960","https://pbs.twimg.com/media/GPdDja5boAAa_do.png","JonatanOswari","in","","0","0","0","https://x.com/undefined/status/1798980861041475960","1257875024767152128",
"1753249674591625514","Fri Feb 02 02:51:10 +0000 2024","34","Sobat BRI Ingin merencanakan investasi yang mudah dan praktis? Bersama BRImo wujudkan investasi yang lebih pasti ️ Info selanjutnya kunjungi https://t.co/zKfkgA0PW6 #BRI #BRImo #BRImoMudahSerbaBisa https://t.co/XqVAE8dxuQ","1753249674591625514","https://pbs.twimg.com/ext_tw_video_thumb/1753249622292836352/pu/img/EABnvfyL62lk68YD.jpg","","in","","0","12","5","https://x.com/undefined/status/1753249674591625514","1398703135",
"1879149543776002129","Tue Jan 14 12:52:18 +0000 2025","508","Shm! Fetish investor lokal adalah $BBRI. Lebih dari 600rb ritel pegang BBRI ini redflag bgt ngeri2 sedap. Jangankan balik ke 5000 buat ke 4000 aja berat Good luck guys minimal nyangkut 5th https://t.co/RdASPk8z15","1879149543776002129","https://pbs.twimg.com/media/GhQUjRcbcAAQXJO.jpg","","in","","41","69","45","https://x.com/undefined/status/1879149543776002129","1336580251493646343",
"1829076146425868684","Thu Aug 29 08:38:30 +0000 2024","0","Peluang BUY NZDUSD . #bisnis #finansial #keuangan #investasi #belajarkeuangan #ilmukeuangan #saham #crypto #teknologi #edukasi #analisa #teknikal #bbri #buy #sell #trendline #nzdusd #trader #plan https://t.co/rg1tcd2DfO https://t.co/WjRFlVFk32","1829076146425868684","https://pbs.twimg.com/media/GWIu8ysWgAAu8ma.jpg","","in","","0","0","0","https://x.com/undefined/status/1829076146425868684","1450395130792329223",
"1808060171375284542","Tue Jul 02 08:48:31 +0000 2024","1","PT Bank Rakyat Indonesia (Persero) Tbk merupakan salah satu bank milik pemerintah yang terbesar di Indonesia dengan kode saham BBRI BBRI selama ini dapat bersaing dengan instrumen bank-bank di Indonesia. Namun bagaimanakah performa BBRI di tengah volatilitas likuiditas","1808060171375284542","","","in","","0","0","0","https://x.com/undefined/status/1808060171375284542","1166977780757581824",
"1792737985596911670","Tue May 21 02:03:37 +0000 2024","2","Hari ini $BBRI jadi saham pilihan bos Neko yuk kita bahas peluang investasi dan apa yang terjadi di saham ini selama 2024! #bareksainvestasiaman #bareksainvestasisaham #saham https://t.co/XSHvD3MhDY","1792737985596911670","https://pbs.twimg.com/ext_tw_video_thumb/1792737099277574144/pu/img/gaLbMtsl27wZoTGr.jpg","","in","","0","0","0","https://x.com/undefined/status/1792737985596911670","920403926",
"1879861204753211711","Thu Jan 16 12:00:12 +0000 2025","554","Dar Der dor! Efek BI nurunin suku bunga acuan jadi 5 75% BBRI mulai bergerak lagi. Ada apa sih sebenernya sama BBRI? Makin banyak diburu investor publik kenapa harga saham BBRI justru terus merosot? Sebenernya ini peluang investasi atau mending dihindari?","1879861204753211711","","","in","","3","8","78","https://x.com/undefined/status/1879861204753211711","1590845630037229569",
"1462574104641376260","Mon Nov 22 00:10:14 +0000 2021","202","Pelajaran ttg Branding. Tempo hari BCA akuisisi Bank Royal dan ubah nama jd Bank BCA Digital (100% full digital). Namanya ada BCA. Bank BRI ubah BRI Agro jd bank digital dan ganti nama jd Bank Raya. Nama gak bawa brand BRI. Strategi penamaan bca mungkin lbh efektif. https://t.co/GphJVc3OXH","1462574104641376260","https://pbs.twimg.com/media/FEwbZYbUcAMeYCH.jpg","","in","","5","10","67","https://x.com/undefined/status/1462574104641376260","190535830",
"1853211854304334081","Sun Nov 03 23:05:11 +0000 2024","0","Saham banking dijual-jualin asing kamu siap nampungin? #INDF #UNTR #AMRT #PWON #JPFA #BBRI #BBCA #BMRI #BBNI #TLKM #IHSG #ciptadana #bluechip #infosaham #sahampemula #tradingsaham #investasi #investasisaham https://t.co/1bFsH4ieun","1853211854304334081","https://pbs.twimg.com/media/GbfuWpebAAArIOX.jpg","","in","","0","0","0","https://x.com/undefined/status/1853211854304334081","1396754054915653634",
"1868499033565917401","Mon Dec 16 03:30:59 +0000 2024","322","Shm! Dividen interim $BBRI 135/lembar kemungkinan maret dividen final gede karena menteri BUMN target 90T pemasukan dari dividen emiten BUMN https://t.co/HlRYQq9IlY","1868499033565917401","https://pbs.twimg.com/media/Ge499_xbcAAeY-A.jpg","","in","","33","30","42","https://x.com/undefined/status/1868499033565917401","1336580251493646343",
"1788953252056440834","Fri May 10 15:24:27 +0000 2024","364","$BBRI - Potensi rebounding hari senin sudah oversold sebulan ini!!!!!!!! Ayo! Shm! https://t.co/lJ0zET3J8n","1788953252056440834","https://pbs.twimg.com/media/GNOjf_aboAA3dFB.png","","in","","7","44","34","https://x.com/undefined/status/1788953252056440834","1336580251493646343",
"1873591587080679604","Mon Dec 30 04:46:58 +0000 2024","0","Apakah Bank BRI akan bangkrut? #bankbri #sahambankbri #investasi #investasisaham #bbri #bankbribangkrut #pasarmodal https://t.co/C4Gl9p6n3B","1873591587080679604","https://pbs.twimg.com/ext_tw_video_thumb/1873591224436961280/pu/img/rpPoXhHCENjva_yq.jpg","","in","","0","0","0","https://x.com/undefined/status/1873591587080679604","4210913724",
"1843329673042042977","Mon Oct 07 16:36:56 +0000 2024","1","Tips investasi saham #trading #tradingsaham #fundamental #bbri #bren #Tugasakuntasi #ekonomi #tipstrading #sahamology #jokitugas #jokiskripsi #fyp #viral #xyzbca #joki #investasi https://t.co/LHfyu8aM2f","1843329673042042977","https://pbs.twimg.com/media/GZTSj-7bcAEKxPM.jpg","","in","","0","0","0","https://x.com/undefined/status/1843329673042042977","1270280299457286150",
"1790038658151501873","Mon May 13 15:17:28 +0000 2024","0","Imbal hasil dari investasi SBN Ritel besok sudah menjadi saham BBCA BBRI dan BMRI Begiru aja tiap bulan https://t.co/XuHCX05Nxo","1790038658151501873","https://pbs.twimg.com/media/GNd-q_qbkAAdF6n.jpg","","in","","0","0","0","https://x.com/undefined/status/1790038658151501873","756107741266010117",
"1877571828832407757","Fri Jan 10 04:23:02 +0000 2025","0","Investasi $BBRI dari sekarang #uang #zonauang #zonajajan #butuhuang #saham #investasi https://t.co/k7aysccL6F","1877571828832407757","https://pbs.twimg.com/media/Gg55nziaMAMLXXS.jpg","","in","","0","0","0","https://x.com/undefined/status/1877571828832407757","1600659043982266368",
"1196791476757262336","Tue Nov 19 14:26:27 +0000 2019","158","Bank BRI sendiri masih cakep kok. Laba bersihnya masih naik. Ini angka dari laporan keuangan Q2 mereka. Laba naik dari Rp14T menjadi Rp16T. https://t.co/nlhFQM52yH","1196796884578234368","https://pbs.twimg.com/media/EJvga0TVUAE8nMH.png","BigAlphaID","in","","9","6","74","https://x.com/undefined/status/1196796884578234368","958566590768926721",
"1862088681294873068","Thu Nov 28 10:58:32 +0000 2024","4518","Koreksi dikit ini bukan Sukuk tabungan BRI. Tapi obligasi negara syariah namanya ST013. BRI termasuk lembaga penyedia juga sama kaya bank BUMN lain. Dan ga mesti BRI prioritas punya tabungan 1jt juga bisa. Mari wangmin jelasin ","1862088681294873068","","","in","","44","51","721","https://x.com/undefined/status/1862088681294873068","1590845630037229569",
"1743256324878819730","Fri Jan 05 13:01:10 +0000 2024","3718","Ini dia yang ditunggu-tunggu para investor pemegang saham BMRI! Saham Bank Mandiri sempat menyentuh rekor tertinggi di level Rp6.475. Posisi penutupan hari ini pun menjadikan all time high (ATH) baru BMRI pasca stock split pada April 2023 lalu menjadi Rp6.425 per lembar saham! https://t.co/QKC202gaFn","1743256324878819730","https://pbs.twimg.com/amplify_video_thumb/1743256128136552449/img/ETvRLjeE0QUo3wRr.jpg","","in","","96","205","298","https://x.com/undefined/status/1743256324878819730","2278761810",
"1814956604070219936","Sun Jul 21 09:32:29 +0000 2024","0","VIew IHSG BBCA BBRI ADRO ESSA &amp; Komoditas #ctasaham #saham #idx #bbca #bbri #adro #essa #ihsg #commodity #workshopctasaham #vvipctasaham #tradingsaham #trading #investasisaham #investasi https://t.co/exVgd9yMiH","1814956604070219936","https://pbs.twimg.com/media/GTAFZZgb0AAJN-W.jpg","","in","","0","0","0","https://x.com/undefined/status/1814956604070219936","85741863",
"1746854058227585337","Mon Jan 15 11:17:17 +0000 2024","42","Sobat BRI Ayo mulai rencanakan investasi yang pasti bersama BRImo. Berbagai investasi mulai dari RDN SBN BritAma Rencana DPLK hingga Deposito bisa kamu lakukan di BRImo. Yuk wujudkan masa depan yang lebih terjaga bersama BRImo. Info selanjutnya https://t.co/PvtBUSNHdH #BRImo https://t.co/fa1iKVOAPc","1746854058227585337","https://pbs.twimg.com/media/GD4Sf4HbEAANCHC.jpg","","in","","0","13","10","https://x.com/undefined/status/1746854058227585337","1398703135",
"1326391161334992898","Wed Nov 11 05:35:28 +0000 2020","302","Di 11.11 kali ini IPOT akan bagi-bagi saham LQ45 masing-masing 1 lot. #IPOTGiveawaySaham Namun ada tantangan untuk mendapatkannya kamu harus mendapatkan target RT+like sesuai saham yang kamu inginkan. Misal: harga saham BBRI 4000 kamu harus mendapatkan RT+like= 400 https://t.co/o44bKJ69lx","1326398115793018880","https://pbs.twimg.com/media/EmhPEIwXIAInjYH.jpg","indopremier","in","","274","102","145","https://x.com/undefined/status/1326398115793018880","2803334178",
"1318726286068436993","Wed Oct 21 01:30:22 +0000 2020","574","Skema penggabungan bank syariah milik pemerintah semakin jelas. BRIS akan menjadi bank yang menerima hasil penggabungan (surviving entity) dari skema ini. Struktur kepemilikan BRIS pun nanti akan berubah. Kepemilikan publik akan terdilusi hingga tersisa 4 4% saja. https://t.co/hUubxmEGBV","1318726286068436993","https://pbs.twimg.com/media/Ek0OikhVoAET59w.png","","in","","36","45","307","https://x.com/undefined/status/1318726286068436993","958566590768926721",
"1884572891485966505","Wed Jan 29 12:02:45 +0000 2025","476","Deposito BPR Deposito yg BERANI ngasih bunga 6 75% per tahun. Jauh lebih gede dari produk deposito bank laen yg cuma kasih bunga 2-3% aja. Instrumen yg cocok buat kaum mendang-mending yg lg cari investasi bercuan &amp; aman Sini wangmin jelasin~","1884572891485966505","","","in","","8","14","63","https://x.com/undefined/status/1884572891485966505","1590845630037229569",
"1720696335777898508","Sat Nov 04 06:55:50 +0000 2023","0","Good News untuk IHSG &amp; saham ↗️ pekan ini dari Sell On Rumor Buy On News FOMC. #ctasaham #saham #workshopVVIPCTASaham #chartctasaham #astrocyclectasaham #IDX #IHSG #LQ45 #thefed #BBCA #BMRI #BBRI #GOTO #AMMN #BREN #belajarsaham #trading #tradingsaham #strategisaham #investasi https://t.co/3yTZ4KT9LV","1720696335777898508","https://pbs.twimg.com/media/F-EkMcBbIAAebp4.jpg","","in","","0","0","0","https://x.com/undefined/status/1720696335777898508","85741863",
"1828991582152081482","Thu Aug 29 03:02:28 +0000 2024","0","BBRI Berpotensi BUY Lagi Harga Terkoreksi ke Area Up Trendline https://t.co/2O3y6rHJ3D #bbri #analisa #buy #trendline #sell #saham #investasi #investor https://t.co/LKKUycxUGA","1828991582152081482","https://pbs.twimg.com/media/GWHh0TwbUAAk1VM.jpg","","in","","0","0","0","https://x.com/undefined/status/1828991582152081482","1450395130792329223",
"1851436904618828063","Wed Oct 30 01:32:10 +0000 2024","1","Laba Bersih BRI (BBRI) Tembus Rp 45 06 Triliun https://t.co/1wfI4q0hpx #InvestorDaily #investasi #Saham","1851436904618828063","","","in","","0","0","1","https://x.com/undefined/status/1851436904618828063","238091066",
"1783752476161957922","Fri Apr 26 06:58:25 +0000 2024","379","Baru ngeh saham $BBRI dari puncaknya Rp 6.325 sudah turun lebih dari -20% Harga sekarang Rp 4.940 Sudah masuk bearish zone https://t.co/fpURrPq1jm","1783752476161957922","https://pbs.twimg.com/media/GMEpbFlbwAA2cci.jpg","","in","","27","71","45","https://x.com/undefined/status/1783752476161957922","201965045",
"1830417103758975359","Mon Sep 02 01:26:59 +0000 2024","0","Terus masuk asingnya Jangan kelewatan kesempatan dapetin corkcicle https://t.co/WJE036WSKy #BBRI #BBNI #CUAN #ASII #TLKM #PGAS #ANTM #BBCA #TPIA #MBMA #infosaham #sahampemula #pasarmodal #saham #investasi #tradingsaham #ihsg #investasisaham https://t.co/rx8pFjVZ1G","1830417103758975359","https://pbs.twimg.com/media/GWbypP4bIAAOzLi.jpg","","in","","0","0","0","https://x.com/undefined/status/1830417103758975359","1396754054915653634",
"1659916107116085248","Sat May 20 13:36:54 +0000 2023","0","Setelah #BBRI Hit all time high (ATH) Rp 5.450 18 Mei. 3 Saham Bank lainnya #BBCA #BMRI #BBTN masih tertinggal. #ctasaham #chartctasaham #analisasaham #analisateknikal #IDX #saham #sahampemula #belajarsaham #tradingsaham #scalping #trading #investasi #swingtrading #sahamcuan https://t.co/ePbpCOyKjb","1659916107116085248","https://pbs.twimg.com/media/Fwk05JAaEAUNJKL.jpg","","in","","0","1","0","https://x.com/undefined/status/1659916107116085248","85741863",
"1568924251511562241","Sun Sep 11 11:53:01 +0000 2022","584","@aniesbaswedan @KemenPU Off-topic dikit. BRI ini beneran tajir mampus ya. Udah punya tanah gede di Semanggi ini ternyata dia bangun tower lagi di Gatsu. Kayaknya malah lebih tajir daripada Bank Mandiri ga sih yang mayoritas aset tanah/bangunannya itu adalah limpahan bank merger tahun 98 dulu. https://t.co/OwhCKH6lxP","1568930609593982977","https://pbs.twimg.com/media/FcX1x3QXEAA2ecr.png","GilangHamidy","in","","90","23","63","https://x.com/undefined/status/1568930609593982977","60335848",
"1581707778787532800","Sun Oct 16 18:04:55 +0000 2022","268","IPO $BELI (BliBli) 17.771.205.900 lembar saham baru ditawarkan (15%) Range harga Rp 410 - 460 Total dana diraup: Rp 7.286.194.419.000 - Rp 8.174.754.714.000 Porsi saham setelah IPO https://t.co/kWcm2Aaj8v","1581707778787532800","https://pbs.twimg.com/media/FfNUvrjaUAAxCZL.jpg","","in","","17","11","64","https://x.com/undefined/status/1581707778787532800","1379125037878288389",
"1833402447790018770","Tue Sep 10 07:09:41 +0000 2024","0","Jangan lewatkan kesempatan berinvestasi dengan Waran Terstruktur Seri-III! Nikmati peluang investasi dari perusahaan besar seperti ADRO ASII BBNI BBRI KLBF dan UNTR untuk memperkuat portofoliomu. Pastikan kamu catat tanggal-tanggal pentingnya ya! https://t.co/Wbh7QFQhhu","1833402447790018770","https://pbs.twimg.com/media/GXGNlz5bEAAq7Nr.jpg","","in","","0","1","0","https://x.com/undefined/status/1833402447790018770","1016655635293749249",
"1835170063084835092","Sun Sep 15 04:13:33 +0000 2024","0","BMRI BBRI BBCA BBTN Mana Dulu yang Mesti Dipilih? https://t.co/rv2XnG60iu #InvestorDaily #investasi #Saham","1835170063084835092","","","in","","0","0","0","https://x.com/undefined/status/1835170063084835092","238091066",
"1844922143009800585","Sat Oct 12 02:04:50 +0000 2024","0","Kursus di Udemy : Pengantar Investasi dan Saham https://t.co/4m6MRgM3a3 #belajarsaham #sahampemula #masadepanharusterdepan #akuinvestorsaham #idx_bei $bbca $bbri $tlkm","1844922143009800585","","","in","","1","0","0","https://x.com/undefined/status/1844922143009800585","9696162",
"1839271223160901659","Thu Sep 26 11:50:06 +0000 2024","0","Dibayangi BBCA BBRI Masih Pimpin Laba Terbesar https://t.co/qzeQVNq6rf #InvestorDaily #investasi #Saham","1839271223160901659","","","in","","0","0","0","https://x.com/undefined/status/1839271223160901659","238091066",
"1873275382692233229","Sun Dec 29 07:50:29 +0000 2024","1","BBRI Kok Turun Terus? Ini Jawaban dan Harga Wajarnya #infosaham #investasi https://t.co/Ui6tTBuyW1","1873275382692233229","","","in","","0","0","0","https://x.com/undefined/status/1873275382692233229","238091066",
"1810118615997591620","Mon Jul 08 01:08:03 +0000 2024","0","Lets go Bluechip di borong nih Promo konsultasi portfolio investasi bersama ahlinya? Cek dulu ini https://t.co/QJDAQKPpJw #BBCA #BBRI #BMRI #BRIS #AMMN #ASII #UNVR #BBNI #AMRT #TOWR #infosaham #ihsg #pasarmodal #sahampemula #promo #infopromo #investasi #saham #ciptadana https://t.co/eFZVhKPrQg","1810118615997591620","https://pbs.twimg.com/media/GR7VSJqaEAAhLLw.jpg","","in","","0","0","0","https://x.com/undefined/status/1810118615997591620","1396754054915653634",
"1552490454251618304","Thu Jul 28 03:05:42 +0000 2022","186","[BREAKING NEWS] Gak Kaleng-Kaleng! 6 Bulan Laba 24T BRI Group berhasil mencatatkan laba bersih senilai Rp.24 88 triliun atau tumbuh 98 38% year on year (yoy) dengan total aset meningkat 6 37% yoy menjadi Rp.1.652 84 triliun. #BRI #MemberiMaknaIndonesia #NggaKalengKaleng https://t.co/thZoFSIaAO","1552490454251618304","https://pbs.twimg.com/media/FYuN1RTaIAAOFhb.jpg","","in","","24","73","85","https://x.com/undefined/status/1552490454251618304","1355939492",
"1844316833756873115","Thu Oct 10 09:59:33 +0000 2024","0","AUM Tumbuh 23% BRI (BBRI) Ungkap Pendorongnya https://t.co/w2mH2DNhgc #InvestorDaily #investasi #Saham","1844316833756873115","","","in","","0","0","0","https://x.com/undefined/status/1844316833756873115","238091066",
"1696115128826282025","Mon Aug 28 10:58:54 +0000 2023","1","Ikuti caranya ya: * Jawab pertanyaan yang ada di dalam video tersebut * Tulis jawaban di kolom komentar/di video tersebut * 3 pemenang akan diumumkan tanggal 2 September 2023 di Instagram @ajaib_investasi &amp; dapat hadiah saham BBRI AMRT dan ASII dengan total jutaan rupiah","1696115131162517670","","ajaib_investasi","in","","0","2","0","https://x.com/undefined/status/1696115131162517670","1166977780757581824",
"1824729720619143400","Sat Aug 17 08:47:21 +0000 2024","203","Sobat BRI Ini dia jurus-jurus yang perlu kamu kuasai biar bisa punya rumah di usia muda! Nikmati suku bunga spesial pembelian rumah di Developer tier 1 menggunakan KPR BRI. Info lebih lanjut kunjungi https://t.co/FIYBXolG8W #KPRBRI #MudahCepatPunyaRumah https://t.co/08fsmVROTL","1824729720619143400","https://pbs.twimg.com/ext_tw_video_thumb/1824729641875275776/pu/img/LQFt2eMMuGuEKSv4.jpg","","in","","0","172","27","https://x.com/undefined/status/1824729720619143400","1398703135",
"1803398229775855644","Wed Jun 19 12:03:38 +0000 2024","0","Komitmen Prinsip ESG BRI (BBRI) Tawarkan KPR Hijau https://t.co/W4pQjdVcbC #InvestorDaily #investasi #Saham","1803398229775855644","","","in","","0","0","0","https://x.com/undefined/status/1803398229775855644","238091066",
"1598576962146283520","Fri Dec 02 07:17:02 +0000 2022","389","Kalian mau tahu satu rahasia ga? kondisi perekonomian dunia kan lagi gak baik-baik saja setahun terakhir. Akan tetapi ternyata Bank BRI berhasil mendapatkan laba bersih sebesar Rp.39 31 triliun dalam kurun waktu 9 Bulan. Kok bisa yaa? Sini aku bisikin. A tread #KinerjaBRIQ3","1598576962146283520","","","in","","6","6","56","https://x.com/undefined/status/1598576962146283520","1530791989800620033",
"1817720978987970976","Mon Jul 29 00:37:07 +0000 2024","0","Akum tipis Tetap up to date follow akun tiktok kita juga ya https://t.co/E1n9ZbcfrT #BBCA #AMMN #ISAT #ADRO #MIKA #BBRI #BMRI #BREN #GOTO #TLKM #infosaham #saham #belajarsaham #sahampemula #ciptadana #bluechip #investasi #tradingsaham #investasisaham https://t.co/4eAetjEBRb","1817720978987970976","https://pbs.twimg.com/media/GTnXl7QacAAH0Ag.jpg","","in","","0","0","0","https://x.com/undefined/status/1817720978987970976","1396754054915653634",
"1754714127434670414","Tue Feb 06 03:50:23 +0000 2024","87","keren nih hingga akhir desember 2023 bri berhasil mendorong penyaluran kredit tumbuh 11 2% menjadi Rp1.266 4 triliun dan bri optimis akan tumbuh lebih baik di tahun 2024&amp;nantinya laba bri akan digunakan utk kepentingan rakyat #KontribusiBRIUntukRakyat https://t.co/r249SgDkjd https://t.co/Z79mhiGn79","1754714127434670414","https://pbs.twimg.com/media/GFn_MgqbIAA8Ig_.jpg","","in","","2","223","69","https://x.com/undefined/status/1754714127434670414","1167725565291331584",
"1807376679473643531","Sun Jun 30 11:32:34 +0000 2024","0","Laba 4 Bank Raksasa Rp 71 7 Triliun BBCA Tempel Ketat BBRI https://t.co/hh4irRhzIg #InvestorDaily #investasi #Saham","1807376679473643531","","","in","","0","0","0","https://x.com/undefined/status/1807376679473643531","238091066",
"1874500919582425439","Wed Jan 01 17:00:20 +0000 2025","1","Mengawali 2025 buat resolusi mau investasi di $BBRI $btc","1874500919582425439","","","in","","0","0","0","https://x.com/undefined/status/1874500919582425439","1717584602787979265",
"1816251658470580284","Wed Jul 24 23:18:34 +0000 2024","0","Enam Bulan BRI (BBRI) Cetak Laba Bersih Rp 29 9 Triliun https://t.co/iicdI5hnYH #InvestorDaily #investasi #Saham","1816251658470580284","","","in","","0","0","0","https://x.com/undefined/status/1816251658470580284","238091066",
"1830216800920858966","Sun Sep 01 12:11:03 +0000 2024","1","BRI (BBRI) Raup Laba Bersih Rp 31 4 Triliun pada Juli 2024 https://t.co/LXV6ElvUbf #InvestorDaily #investasi #Saham","1830216800920858966","","","in","","0","0","0","https://x.com/undefined/status/1830216800920858966","238091066",
"1740548757790548442","Fri Dec 29 01:42:16 +0000 2023","349","Laba tertinggi 10 BUMN. 5 tahun lagi laba BRI x BMRI mungkin akan jauh meninggalkan yg lainnya. https://t.co/9WgvYSMZQO harusnya bs jd motor hilirisasi di tanah air. Selain pajak yg jumbo 10 BUMN ini jg wajib setor sebagian laba ke kas negara. . https://t.co/3WsR8bPzfJ","1740548757790548442","https://pbs.twimg.com/media/GCer3vsbQAAbWJK.jpg","","in","","17","40","96","https://x.com/undefined/status/1740548757790548442","190535830",
"1743953384699556160","Sun Jan 07 11:11:02 +0000 2024","0","HI MNCers 6 Emiten pada gambar adalah Emiten dengan Market Cap terbesar. Kalau kamu dihadapkan dengan dua jalur diatas mana yang akan kamu pilih? #MNCSekuritas #MotionTrade #Investasi #investorpemula #saham #bbca #bbri #bmri #bren #byan #tpia https://t.co/74grdhTLdP","1743953384699556160","https://pbs.twimg.com/media/GDPEW43a4AAe3hZ.jpg","","in","","0","0","1","https://x.com/undefined/status/1743953384699556160","2349339355",
"1830162322096341269","Sun Sep 01 08:34:35 +0000 2024","0","Arah IHSG dan Cara Cuan Maksimal dari BBRI hingga ASII https://t.co/rtcmAVLE84 #InvestorDaily #investasi #Saham","1830162322096341269","","","in","","0","0","0","https://x.com/undefined/status/1830162322096341269","238091066",
"1840648809665507754","Mon Sep 30 07:04:08 +0000 2024","0","Terbuka Peluang Cuan Saham BRI (BBRI) Sudah Ada Sinyal? https://t.co/5sMRy5LEMj #InvestorDaily #investasi #Saham","1840648809665507754","","","in","","0","0","0","https://x.com/undefined/status/1840648809665507754","238091066",
"1832953782789124439","Mon Sep 09 01:26:51 +0000 2024","0","All big banks diakum mantap jiwa Corkcicle gratis buat kamu https://t.co/WJE036WSKy #BBCA #BBRI #BBNI #BREN #BMRI #ANTM #BRIS #NISP #AKRA #CUAN #infosaham #pasarmodal #sahampemula #ciptadana #bluechip #saham #investasi https://t.co/jN0NU1euuF","1832953782789124439","https://pbs.twimg.com/media/GW_1vKVaMAAsUz-.jpg","","in","","0","0","0","https://x.com/undefined/status/1832953782789124439","1396754054915653634",
"1880155938382135589","Fri Jan 17 07:31:21 +0000 2025","5","Firstly beli saham #BBRI pas lagi turun semoga kedepanyya hijauuuu pleaseee . Any advice saham yang sudah ada experience dapet utk dan bagi2 dividen ? #Saham #Investasi #Longterm","1880155938382135589","","","in","","0","2","0","https://x.com/undefined/status/1880155938382135589","1681443966850596871",
"1869518641424929182","Wed Dec 18 23:02:32 +0000 2024","0","VIEW #IHSG #ADRO #AADI #BBCA #BBRI #BREN #IPO #MDIY #ACES #MAPI #GOLD #OIL #BITCOIN. Bank Indonesia HOLD suku bunga acuan di 6%. The Fed pangkas suku bunga acuan 25 bsp. #CTASaham #Saham #IDX #CTAGoldcrypto #TheFed #BankIndonesia #trader #Trading #investasi #astrocyclectasaham https://t.co/VCkVq85oMV","1869518641424929182","https://pbs.twimg.com/media/GfHdS3gaMAAcLSc.jpg","","in","","0","0","0","https://x.com/undefined/status/1869518641424929182","85741863",
"1750148338970919354","Wed Jan 24 13:27:34 +0000 2024","1","detikers bersama BRImo wujudkan investasi yang pasti untuk masa depan yang terjamin! Mau bayar investasi jadi makin mudah dan cepat untuk kenyamanan kamu. Yuk pake BRImo untuk transaksi yang mudah dan serba bisa Info selengkapnya di https://t.co/uT6om310IL Download BRImo https://t.co/ojBYr4xYic","1750148338970919354","https://pbs.twimg.com/media/GEnGo3lbgAApvjp.jpg","","in","","0","1","0","https://x.com/undefined/status/1750148338970919354","69183155",
"1834174640157327866","Thu Sep 12 10:18:06 +0000 2024","0","Pendanaan Berbasis ESG dari BRI (BBRI) Tembus Rp 34 Triliun https://t.co/yTXLuAGORH #InvestorDaily #investasi #Saham","1834174640157327866","","","in","","0","0","0","https://x.com/undefined/status/1834174640157327866","238091066",
"1832776193734746507","Sun Sep 08 13:41:10 +0000 2024","0","Arah IHSG dan Cara Optimalkan Cuan Saham BBRI hingga PGAS https://t.co/2mT8KHEeha #InvestorDaily #investasi #Saham","1832776193734746507","","","in","","0","0","0","https://x.com/undefined/status/1832776193734746507","238091066",
"1829067501365572020","Thu Aug 29 08:04:09 +0000 2024","0","BBRI Catat Laba Sebesar Rp 29 89 Triliun per Semester I-2024 https://t.co/PmLNPgwdVr #InvestorDaily #investasi #Saham","1829067501365572020","","","in","","0","0","0","https://x.com/undefined/status/1829067501365572020","238091066",
"1323554366641504256","Tue Nov 03 09:15:26 +0000 2020","263","Orang tua boomers: papa gak mau tau ya pokoknya dia harus punya investasi properti minimal rumah tinggal. Orang tua millenials: papa gak mau tau ya pokoknya dia harus punya investasi di saham minimal $BBRI 1000 lot $UNVR 500 lot dan katakan tidak pada saham gorengan. ","1323554366641504256","","","in","","40","34","189","https://x.com/undefined/status/1323554366641504256","1141870268",
"1828681843006411248","Wed Aug 28 06:31:41 +0000 2024","16","Mulai Investasi mudah dengan SR021 Pakai BRImo! Dapatkan keuntungan pasti sambil membantu pembangunan negeri Beli SR021 di BRImo sekarang dan nikmati cashback hingga 3 juta rupiah! Info lengkap di https://t.co/KLSpEssxm1 #BRI #BRImoMudahSerbaBisa https://t.co/HKFM6xD1uE","1828681843006411248","https://pbs.twimg.com/ext_tw_video_thumb/1828681791076790272/pu/img/oAx1N77uJhBELQjq.jpg","","in","","0","0","1","https://x.com/undefined/status/1828681843006411248","1398703135",
"1844347212089917673","Thu Oct 10 12:00:16 +0000 2024","57","Wujudkan Life Goals dengan Investasi Berkala di Reksa Dana dari BRI Prioritas. Pilihan tepat untuk membangun portofolio Anda dengan risiko yang terkelola dan diversifikasi optimal. Info Lebih Lanjut : https://t.co/hJDwvmQNot #MudahBertumbuh #UntukPribadiTerpilih #BRIPrioritas https://t.co/YNZc4lBb5e","1844347212089917673","https://pbs.twimg.com/ext_tw_video_thumb/1844347141755633668/pu/img/U6bUoTvPSsp6ERLX.jpg","","in","","0","0","3","https://x.com/undefined/status/1844347212089917673","1398703135",
"1800840744015716502","Wed Jun 12 10:41:06 +0000 2024","0","Direksi BRI Kompak Borong Saham BBRI https://t.co/WxrV0CQEru #InvestorDaily #investasi #Saham","1800840744015716502","","","in","","0","0","0","https://x.com/undefined/status/1800840744015716502","238091066",
"1787696020320923687","Tue May 07 04:08:39 +0000 2024","1","Saham yang kamu punya paling banyak di kelompok mana nih? Yuk mampir ke tiktok https://t.co/jOgQmCBDMF #GOTO #BUMI #BBRI #BKSL #TLKM #BMRI #BRPT #TPIA #KLBF #PGEO #BNGA #BSDE #ASII #ANTM #UNVR #PRDA #MCAS #ACES #PGAS #saham #ihsg #pasarmodal #infosaham #investasi https://t.co/NNNrCEGqgd","1787696020320923687","https://pbs.twimg.com/media/GM8sDlCbgAI9Xnd.jpg","","in","","0","0","0","https://x.com/undefined/status/1787696020320923687","1396754054915653634",
"1790252345768673289","Tue May 14 05:26:35 +0000 2024","0","BBNI hingga BBRI Juara ASII PGAS GOTO Tak Berdaya https://t.co/03aJS2NXuf #InvestorDaily #investasi #Saham","1790252345768673289","","","in","","0","0","0","https://x.com/undefined/status/1790252345768673289","238091066",
"1850666682911740125","Sun Oct 27 22:31:35 +0000 2024","2","BERITA POPULER: Asing Lancarkan Aksi Jual Saham BRI (BBRI) hingga Evaluasi Besar Indeks Saham https://t.co/maEtEEwqRk #InvestorDaily #investasi #Saham","1850666682911740125","","","in","","0","1","0","https://x.com/undefined/status/1850666682911740125","238091066",
"1792152628618842254","Sun May 19 11:17:37 +0000 2024","0","Pekan Singkat tapi Krusial bagi IHSG Pantau ADMR BBRI hingga MBMA https://t.co/k5QtmjHDtm #InvestorDaily #investasi #Saham","1792152628618842254","","","in","","0","0","0","https://x.com/undefined/status/1792152628618842254","238091066",
"1456877278894301188","Sat Nov 06 06:53:05 +0000 2021","158","Kabar terkini dari BRI! BRI sukses meningkatkan komposisi dana murah sebesar 59 60% terhadap total DPK per September 2021 lho! #BRI #UntukIndonesiaBrilian #MemberiMaknaIndonesia https://t.co/ectMBPGDla","1456877278894301188","https://pbs.twimg.com/media/FDfeKBlVIAg6w-b.jpg","","in","","1","129","11","https://x.com/undefined/status/1456877278894301188","1355939492",
"1795812883806523692","Wed May 29 13:42:10 +0000 2024","0","Kredit UMKM &amp; Ultramikro Capai Rp 1.089 T Begini Rekomendasi Saham BBRI https://t.co/I590iRoLV4 #InvestorDaily #investasi #Saham","1795812883806523692","","","in","","0","0","0","https://x.com/undefined/status/1795812883806523692","238091066",
"1534399886598098944","Wed Jun 08 05:00:15 +0000 2022","188","PENGUMUMAN-PENGUMUMAN Mau berbagi kabar gembira nih seiring komitmen BRI yang terus memberi economic value kepada seluruh stakeholders per 2021 kemarin BRI ikut menyetorkan dana Rp27 09 triliun kepada negara lho. #BRI #MemberiMaknaIndonesia https://t.co/YOY29Driyv","1534399886598098944","https://pbs.twimg.com/media/FUtIj3SWUAgXwum.jpg","","in","","4","66","38","https://x.com/undefined/status/1534399886598098944","1355939492",
"1826836794366984706","Fri Aug 23 04:20:07 +0000 2024","31","Shm! Kalo mau mulai investasi mending masukin ke mana dari big 4 banks BBCA BBRI BMRI BBNI? TIA","1826836794366984706","","","in","","1","30","0","https://x.com/undefined/status/1826836794366984706","1336580251493646343",
"1830231238818541920","Sun Sep 01 13:08:26 +0000 2024","0","Bunga Acuan Turun Bakal Untungkan BRI (BBRI) Sahamnya Diserbu Asing https://t.co/9vEPfDxemv #InvestorDaily #investasi #Saham","1830231238818541920","","","in","","0","0","0","https://x.com/undefined/status/1830231238818541920","238091066",
"1839467292142588216","Fri Sep 27 00:49:12 +0000 2024","0","Ada Peluang IHSG Menguat Terbatas Intip Kisi-kisi Cuan ADMR hingga BBRI https://t.co/UBKMNizx39 #InvestorDaily #investasi #Saham","1839467292142588216","","","in","","0","0","0","https://x.com/undefined/status/1839467292142588216","238091066",
"1841308007390707934","Wed Oct 02 02:43:33 +0000 2024","0","Pemodal Bisa Serok Cuan dari Saham BBRI hingga PSAB Simak Caranya https://t.co/9Bil1ijsA9 #InvestorDaily #investasi #Saham","1841308007390707934","","","in","","0","0","0","https://x.com/undefined/status/1841308007390707934","238091066",
"1763512307156717870","Fri Mar 01 10:31:13 +0000 2024","213","JUST IN: RUPS BBRI memutuskan pembagian dividen tunai Rp. 319/ saham. Interim : Rp. 84/saham (sudah dibagikan pada Desember 2023). Sisa : Rp. 235/saham (Ini yang akan dibagikan jadwal menyusul). https://t.co/ScP3JkNO7V","1763512307156717870","https://pbs.twimg.com/media/GHlA8o9bEAAJ037.jpg","","in","","23","10","47","https://x.com/undefined/status/1763512307156717870","311312187",
"1835827297326436503","Mon Sep 16 23:45:10 +0000 2024","0","Ada Peluang Pasar Saham Menguat Simak Kisi-kisi Cuan BBRI hingga PTBA https://t.co/GP8heRNiHY #InvestorDaily #investasi #Saham","1835827297326436503","","","in","","0","0","0","https://x.com/undefined/status/1835827297326436503","238091066",
"1884999640942350711","Thu Jan 30 16:18:30 +0000 2025","0"," BRI Setor Rp98 4 Triliun ke Negara! Sahamnya makin menarik? Simak detailnya di sini: https://t.co/B0Ou8oKFSJ #BBRI #Dividen #Investasi #EkonomiIndonesia https://t.co/SfGC60Ardt","1884999640942350711","https://pbs.twimg.com/media/GijdJUPaIAA13se.jpg","","in","","0","0","0","https://x.com/undefined/status/1884999640942350711","1869760512575389697",
"1795805691665666347","Wed May 29 13:13:36 +0000 2024","0","Kredit UMKM &amp; Ultra Mikro Capai Rp1.089 41 T Begini Rekomendasi Analis untuk Saham BBRI https://t.co/hur524FhzD #InvestorDaily #investasi #Saham","1795805691665666347","","","in","","0","0","0","https://x.com/undefined/status/1795805691665666347","238091066",
"1812117285215343079","Sat Jul 13 13:30:02 +0000 2024","1","ASII dan BBRI Tertatas Cermati 10 Saham Net Sell Terbesar Asing Sepekan Ini https://t.co/Nxrb0yNeZ3 #RekomendasiSaham","1812117285215343079","","","in","","0","0","0","https://x.com/undefined/status/1812117285215343079","43799886",
"1840880696614899839","Mon Sep 30 22:25:34 +0000 2024","0","BERITA POPULER: Harga Emas Antam (ANTM) Kembali Pecah Rekor hingga Peluang Cuan BBRI https://t.co/zZIvkMtn3Y #InvestorDaily #investasi #Saham","1840880696614899839","","","in","","0","0","0","https://x.com/undefined/status/1840880696614899839","238091066",
"1263345240645103616","Thu May 21 05:45:51 +0000 2020","186","Bank BRI tetap sangat bagus u/ jangka panjang tapi mungkin sekarang masih belum waktunya u/ masuk dan inilah alasannya. Ini adalah bagian pertama dari seri analisa sektor perbankan di tahun krisis 2020 serta bagaimana peluangnya pasca krisis nanti. https://t.co/XeCJkUkEVF","1263345240645103616","","","in","","10","7","92","https://x.com/undefined/status/1263345240645103616","185523454",
"1851508358689480947","Wed Oct 30 06:16:06 +0000 2024","0","Dirut BRI (BBRI) Sunarso Tanggapi Soal Pemutihan Utang Petani dan Nelayan https://t.co/hitm3rrPrU #InvestorDaily #investasi #Saham","1851508358689480947","","","in","","0","0","0","https://x.com/undefined/status/1851508358689480947","238091066",
"1562016252465254401","Tue Aug 23 09:57:50 +0000 2022","37","Pelaku usaha ultra mikro siap-siap usaha kalian bakalan naik kelas!!! HAH? KOK BISA??? Bisa dong! BRI targetkan Holding Ultra Mikro bisa berdayakan 55 Juta nasabah hingga 2024 #BRI #MemberiMaknaIndonesia https://t.co/1yci13osdv","1562016252465254401","https://pbs.twimg.com/media/Fa1lf0RVUAEkMKl.jpg","","in","","0","28","5","https://x.com/undefined/status/1562016252465254401","1355939492",
"1819704783793746176","Sat Aug 03 12:00:03 +0000 2024","0","IHSG Menguat 0 27% Sepekan BBCA &amp; BMRI Ada Net Buy Asing BBRI &amp; BBNI Dijual Asing https://t.co/UE220Ola8K #IHSG","1819704783793746176","","","in","","0","1","0","https://x.com/undefined/status/1819704783793746176","43799886",
"1855150979303587933","Sat Nov 09 07:30:35 +0000 2024","0","BERITA POPULER: Aksi Borong Saham Hermanto Tanoko hingga Laba BRI (BBRI) Ditaksir Rp 62 Triliun https://t.co/jSllFHpPpJ #InvestorDaily #investasi #Saham","1855150979303587933","","","in","","0","0","0","https://x.com/undefined/status/1855150979303587933","238091066",
"1851515164987896261","Wed Oct 30 06:43:09 +0000 2024","0","Raup Laba Bersih Senilai Rp 45 36 Triliun Bank BRI (BBRI) Gelontorkan Kredit hingga Rp 1.353 Triliun. https://t.co/PQ12t0q1Zk #InvestorDaily #investasi #Saham","1851515164987896261","","","in","","0","0","0","https://x.com/undefined/status/1851515164987896261","238091066",
"1535126904751083522","Fri Jun 10 05:09:10 +0000 2022","53","BRI tdk berhenti ikut dlm berkontribusi memberi makna Indonesia. Dapat dilihat bedasarkan total laba BUMN 2021 sebesar Rp126T BRI ikut menyumbang 25 57% yg senilai Rp32 22T. Terimakasih atas dukungan sobat BRI #BRI #MemberiMaknaIndonesia #LabaBersihBUMN1000Persen https://t.co/9irtxGxWLg","1535126904751083522","https://pbs.twimg.com/media/FU3dx-oakAAdkHW.jpg","","in","","3","33","11","https://x.com/undefined/status/1535126904751083522","1355939492",
"1768114230996480444","Thu Mar 14 03:17:37 +0000 2024","3","Terlihat saham $BBRI turun cukup signifikan setelah CUM-DATE kemarin. Itu hal yang wajar setelah EX-DATE pasti investor yang bukan niat investasi jangka panjang akan langsung jual barang dan itu disebut DIVIDEN TRAP. Jadi harus lebih bijak saat lihat emiten bagi dividen. https://t.co/KimQnvNI6g","1768114230996480444","https://pbs.twimg.com/media/GImahcObUAAUAEw.jpg","","in","","1","0","0","https://x.com/undefined/status/1768114230996480444","1515344264544538624",
"1834524935311827236","Fri Sep 13 09:30:03 +0000 2024","0","IHSG Menguat 0 18% ke 7.8812 Pada Jumat (13/9) BBRI TLKM GOTO Top Gainers LQ45 https://t.co/k5RHdWvPSA #IHSG","1834524935311827236","","","in","","0","0","0","https://x.com/undefined/status/1834524935311827236","43799886",
"1669677216110882816","Fri Jun 16 12:04:04 +0000 2023","1","Nilai investasi asing di IDX High Dividend 20 mencapai Rp10 84 triliun secara YtD. Emiten perbankan seperti BBRI BBCA dan BBNI memiliki nilai paling besar. https://t.co/56GQbBqByp","1669677216110882816","","","in","","0","0","0","https://x.com/undefined/status/1669677216110882816","118646322",
"1834460760229249338","Fri Sep 13 05:15:02 +0000 2024","0","IHSG Turun 0 03% ke 7.795 di Sesi I Jumat (13/9) GOTO SIDO BBRI Top Gainers LQ45 https://t.co/8hCA6nB7fe #IHSG","1834460760229249338","","","in","","0","0","0","https://x.com/undefined/status/1834460760229249338","43799886",
"1826133396638282210","Wed Aug 21 05:45:04 +0000 2024","0","IHSG Menguat 0 35% ke 7.560 di Sesi I Rabu (21/8) MAPI BRIS BBRI Top Gainers LQ45 https://t.co/kU2RQdtI4E #IHSG","1826133396638282210","","","in","","0","0","0","https://x.com/undefined/status/1826133396638282210","43799886",
"1808791624358768775","Thu Jul 04 09:15:03 +0000 2024","1","IHSG Menguat 0 34% ke 7.220 Pada Kamis (4/7) BBRI MEDC BUKA Jadi Top Gainers LQ45 https://t.co/KdsbITk7f5 #IHSG","1808791624358768775","","","in","","0","1","0","https://x.com/undefined/status/1808791624358768775","43799886",
"1843584634933915716","Tue Oct 08 09:30:03 +0000 2024","0","IHSG Menguat 0 71% ke 7.557 Pada Selasa (8/10) MAPI BRIS BBRI Top Gainers LQ45 https://t.co/g21vJUTGSQ #IHSG","1843584634933915716","","","in","","0","0","0","https://x.com/undefined/status/1843584634933915716","43799886",
"1857566763334119621","Fri Nov 15 23:30:02 +0000 2024","0","BUKA dan BBRI Teratas Cek Saham yang Banyak Dilego Asing di Akhir Pekan https://t.co/csEXT1WJPW #RekomendasiSaham","1857566763334119621","","","in","","0","0","1","https://x.com/undefined/status/1857566763334119621","43799886",
"1832332340858909137","Sat Sep 07 08:17:27 +0000 2024","2","BBRI baru teken perjanjian dengan Amundi Asset Management. Singkatnya anak usaha Bank BRI yaitu PT BRI Manajemen Investasi ( BRI MI ) akan menerbitkan saham baru. Nanti sahamnya diserap Amundi. Dengan transaksi ini bisnis manajemen aset investasi BRI MI sepertinya akan https://t.co/kh6pMvm3Ro","1832332340858909137","https://pbs.twimg.com/media/GW2_hqcXcAArjA-.jpg","","in","","0","1","0","https://x.com/undefined/status/1832332340858909137","488104694",
"1842051473603232030","Fri Oct 04 03:57:49 +0000 2024","0","$BBRI porsi invest 4850-4890 area beli ya *Disclaimer on #zonauang #butuhuang #saham #investasi #senin #Jumat #nabung","1842051473603232030","","","in","","0","1","0","https://x.com/undefined/status/1842051473603232030","1106492103796772864",
"1376481962030891012","Mon Mar 29 10:30:48 +0000 2021","424","Dividen 4 besar bank di Indonesia (2020): $BBRI : Rp 98 per lembar yield 2% $BMRI : Rp 220 per lembar yield 3 4% $BBCA : Rp 528 per lembar yield 1 6% $BBNI : Rp 44 per lembar yield 0 72%","1376481962030891012","","","in","","56","30","179","https://x.com/undefined/status/1376481962030891012","958566590768926721",
"1780404837823516847","Wed Apr 17 01:16:06 +0000 2024","0","Mulai nyicil beli saham perbankkan mumpung lagi murah. Antri di BBRI sama BBNI.","1780404837823516847","","","in","","0","0","0","https://x.com/undefined/status/1780404837823516847","1671198287993671680",
"1489823981339561986","Sat Feb 05 04:51:31 +0000 2022","326","Sobat BRI. Yuk simak tips berikut agar terhindar dari penipuan berkedok investasi. Pastikan hanya membeli produk investasi dengan legalitas resmi dan diawasi lembaga/otoritas. Sehat dan sukses selalu ya. #BRIEdukasi https://t.co/dIOeYdAmXL","1489823981339561986","https://pbs.twimg.com/media/FKzq5DKaQAA-HK9.jpg","","in","","0","114","17","https://x.com/undefined/status/1489823981339561986","1355925366",
"1721812749842595990","Tue Nov 07 08:52:03 +0000 2023","149","Pendaftaran BRILiaN Future Leader Program (BFLP) General dan IT telah dibuka hingga 14 November 2023 BRI Kembali membuka peluang buat kamu yang ingin meraih mimpimu sebegai Future Leader untuk belajar bertumbuh dan berkontribusi Memberi Makna Indonesia 🇮🇩 Untuk info https://t.co/HM8XxqZO7l","1721812749842595990","https://pbs.twimg.com/media/F-Ubj1xbEAAQbMx.jpg","","in","","1","15","7","https://x.com/undefined/status/1721812749842595990","1355939492",
"1183582505393217537","Mon Oct 14 03:17:13 +0000 2019","394","Suka berinvestasi? atau baru mau mulai berinvestasi tapi mau yang aman? Nah pas nih! Kamu bisa mulai berinvestasi di #BNIORI016. Pemesanan #ORI16 mulai dari 1jt dan batas penawarannya hingga 24 Oktober 2019 aja loh!","1183582505393217537","","","in","","8","20","84","https://x.com/undefined/status/1183582505393217537","62455266",
"1454976489561235461","Mon Nov 01 01:00:01 +0000 2021","173","Sobat BRI mari berinvestasi senyaman tinggal di negeri sendiri. Sukuk Tabungan seri ST008 pilihan investasi untuk negeri yang lebih asri. Periode penawaran mulai 1 - 17 November 2021. . Informasi lebih lanjut klik https://t.co/dBy15Cuvdz #JadiLebihBijak #InvestasiBRI https://t.co/VzVvSNgc1M","1454976489561235461","https://pbs.twimg.com/media/FC25IveVkAMXEpu.jpg","","in","","0","202","3","https://x.com/undefined/status/1454976489561235461","1398703135",
"1842158607187730518","Fri Oct 04 11:03:32 +0000 2024","96","129 Tahun Perjalanan BRI perjalanan dengan ide-ide Brilian dan inovasi cemerlang untuk menghadirkan Solusi finansial yang kreatif dan efektif untuk seluruh nasabah dan masyarakat di seluruh Indonesia. #BRI #BriliandanCemerlang #Hut129BRI https://t.co/rBzHBbAZMb","1842158607187730518","https://pbs.twimg.com/amplify_video_thumb/1842158117913833472/img/AKULnbXXp68tzk73.jpg","","in","","0","116","2","https://x.com/undefined/status/1842158607187730518","1355939492",
"1432551466384846854","Tue Aug 31 03:50:59 +0000 2021","97","Sobat BRI. Waspada penipuan terhadap modus investasi lewat Group Chat dengan iming-iming keuntungan yang besar. Pastikan Sobat hanya membeli produk Investasi dengan legalitas resmi dan diawasi OJK. Sehat dan sukses selalu ya. #BRIEdukasi https://t.co/ZQp6ySoElv","1432551466384846854","https://pbs.twimg.com/media/E-Fx8RiVIAU5Dr0.jpg","","in","","2","104","46","https://x.com/undefined/status/1432551466384846854","1355925366",
"1349225353517047812","Wed Jan 13 05:22:46 +0000 2021","228","Sempet banyak yg berspekulasi brp sih target tertinggi saham BRIS. Dan banyak yg berpendapat gak akan melebihi saham BBRI selaku induknya. Btw hati2 jgn sampe kegocek salah ngambil asumsi. Krn komposisi pemilik saham Bank Syariah hasil merger itu udah bkn dominan BBRI lg. https://t.co/jHWEFxx3Ab","1349225353517047812","https://pbs.twimg.com/media/ErlpTuVVEAAKSkZ.png","","in","","11","15","66","https://x.com/undefined/status/1349225353517047812","53322619",
"1750114270690598945","Wed Jan 24 11:23:37 +0000 2024","11","Bgm cara hindari jebakan hedonic treadmill ? - bergaul dg orang2 yg humble. Jangan gaul dg orang yg suka pamer. - lakuka auto debet investasi sblm gaji diambil buat biaya2. Debet dulu di muka. Alokasikan buat beli emas atau saham BBRI.","1750117145466531868","","Strategi_Bisnis","in","","0","1","2","https://x.com/undefined/status/1750117145466531868","190535830",
"1839171805682258279","Thu Sep 26 05:15:03 +0000 2024","0","IHSG Melemah 7.723 2 di Akhir Sesi Pertama BBRI TLKM MEDC Jadi Top Losers LQ45 https://t.co/XMZb4xSgac #IHSG","1839171805682258279","","","in","","0","0","0","https://x.com/undefined/status/1839171805682258279","43799886",
"1879303689116213398","Tue Jan 14 23:04:49 +0000 2025","0","BERITA POPULER: Ramalan Dividen BRI (BBRI) hingga Pilihan Investasi Terbaik Lo Kheng Hong https://t.co/7IBl4DEATK via @InvestorID","1879303689116213398","","","in","","0","0","0","https://x.com/undefined/status/1879303689116213398","238091066",
"1830134755645632518","Sun Sep 01 06:45:02 +0000 2024","0","Saham MBMA BBRI dan BBNI Masuk Daftar Top Net Buy Asing dalam Sepekan https://t.co/CRsuv7zdHB #RekomendasiSaham","1830134755645632518","","","in","","0","0","0","https://x.com/undefined/status/1830134755645632518","43799886",
"1847099037822210094","Fri Oct 18 02:15:02 +0000 2024","0","IHSG Dibuka Menguat Pada Jumat (18/10) Pagi ICBP ACES BBRI Jadi Top Gainers LQ45 https://t.co/5nezshlH9X #IHSG","1847099037822210094","","","in","","0","0","0","https://x.com/undefined/status/1847099037822210094","43799886",
"1826805319554695630","Fri Aug 23 02:15:03 +0000 2024","0","IHSG Menguat Pada Perdagangan Jumat (23/8) Pagi BBRI ASII BBNI Top Gainers LQ45 https://t.co/HhqpIJmZ6S #IHSG","1826805319554695630","","","in","","0","0","0","https://x.com/undefined/status/1826805319554695630","43799886",
"1757058648990478715","Mon Feb 12 15:06:41 +0000 2024","0","Hasil investasi saya pada saham BBRI senilai 38.88% Sekarang giliranmu berinvestasi di POEMS ID. Download aplikasi POEMS ID di Smartphonemu dan buka akun dengan kode referral XA3A87 lalu dapatkan hadiah menarik. https://t.co/CCa2dIT8JV","1757058648990478715","https://pbs.twimg.com/media/GGJTh4Pa4AA7BjA.jpg","","in","","0","0","0","https://x.com/undefined/status/1757058648990478715","33082662",
"1817088794157560306","Sat Jul 27 06:45:03 +0000 2024","0","Ada BBRI dan BREN Asing Paling Banyak Melego Saham-Saham Ini Selama Sepekan https://t.co/o4TbyZllmw #RekomendasiSaham","1817088794157560306","","","in","","0","0","0","https://x.com/undefined/status/1817088794157560306","43799886",
"1842137092392169805","Fri Oct 04 09:38:02 +0000 2024","96","Pertanyaan sudah dapat apa? dan sudah untung berapa? selalu dihindari Yudha Keling saat ada orang awam seperti Indra Jegel Dicky Difie dan Ranggi bertanya seputar investasi saham. Alasannyaaa? Ternyata bang Yudha mau edukasi kalau investasi saham itu mindsetnya bukan https://t.co/L5ImfK1UM4","1842137092392169805","https://pbs.twimg.com/amplify_video_thumb/1842136995927355392/img/ARI8YXXWHthpzQhN.jpg","","in","","0","131","1","https://x.com/undefined/status/1842137092392169805","1355939492",
"1790261370711359496","Tue May 14 06:02:26 +0000 2024","0","Saham apa lagi yang bisa dibeli dengan modal 500k? Coba share di comment kuy Konten saham lainnya bisa mampir https://t.co/jOgQmCBDMF #saham #PANI #BBRI #INCO #TLKM #MIKA #ADRO #MYOR #BNGA #MAPI #JPFA #investasi #infosaham #belajarsaham #sahampemula #ciptadana https://t.co/yBKS9QVZU6","1790261370711359496","https://pbs.twimg.com/media/GNhJOrNbcAAjJqE.jpg","","in","","0","0","0","https://x.com/undefined/status/1790261370711359496","1396754054915653634",
"1816431968730640579","Thu Jul 25 11:15:03 +0000 2024","0","Laba Bank Rakyat Indonesia (BBRI) Naik Tipis di Semester I Cek Rekomendasi Analis https://t.co/NeYtMWufkA #RekomendasiSaham","1816431968730640579","","","in","","0","1","0","https://x.com/undefined/status/1816431968730640579","43799886",
"1782250935500366072","Mon Apr 22 03:31:50 +0000 2024","94","Another day another achievment BRI mendapatkan penghargaan: Penggunaan Produk Dalam Negeri (P2DN) tahun 2024 kategori BUMN sektor jasa keuangan oleh Kementerian Perindustrian Republik Indonesia Share ke temen kamu yang bangga jadi nasabah BRI #BRI https://t.co/6UY8Vw87c5","1782250935500366072","https://pbs.twimg.com/media/GLvTxo3b0AAvKBe.jpg","","in","","0","21","1","https://x.com/undefined/status/1782250935500366072","1355939492",
"1751782894933246340","Mon Jan 29 01:42:43 +0000 2024","0","Menunggu BBRI turun.... https://t.co/5ldYccQ0PL","1751782894933246340","","","in","","0","0","0","https://x.com/undefined/status/1751782894933246340","1671198287993671680",
"1498639296143958016","Tue Mar 01 12:40:26 +0000 2022","80","Good news sobat BRI! Buat kamu pemegang saham BBRI dalam RUPST tahun ini diputuskan BRI akan membagikan dividen sebesar Rp26 40 triliun atau 85% dari total laba konsolidasian https://t.co/ugqkqt5KR3","1498639296143958016","https://pbs.twimg.com/media/FMw8fihakAI1qv6.jpg","","in","","8","144","10","https://x.com/undefined/status/1498639296143958016","1355939492",
"1505816513223475203","Mon Mar 21 08:00:08 +0000 2022","139","SAATNYA KUIS! Ada saldo LinkAja total senilai Rp300 ribu. Sobat BRI tinggal sebutkan pengeluaran apa saja yang termasuk tips keuangan 4-3-2-1 yang jumlahnya 40% 30% 20% dan 10% dari penghasilan kamu. #BRI #MemberiMaknaIndonesia https://t.co/tedSCAiakB","1505816513223475203","https://pbs.twimg.com/media/FOW8IA1aAAQCh-i.jpg","","in","","2","405","78","https://x.com/undefined/status/1505816513223475203","1355939492",
"1553262621473705990","Sat Jul 30 06:14:01 +0000 2022","147","SAATNYA KUIS! Senengnya bisa berbagi lagi yeay \o/ Sebelumnya mau berbagi info dulu nih jadi belum lama ini Badan Riset dan Inovasi Nasional (BRIN) mencatat kalo 99% nasabah ultra mikro merasa puas dengan layanan akses pinjaman dari BRI. #BRI #MemberiMaknaIndonesia https://t.co/pBWKtSu7Fr","1553262621473705990","https://pbs.twimg.com/media/FY5MHm_UUAIhHlF.jpg","","in","","3","260","123","https://x.com/undefined/status/1553262621473705990","1355939492",
"1710585434525553076","Sat Oct 07 09:18:43 +0000 2023","129","Hai Sobat BRI! Cek Toko Nasabah kali ini bercerita tentang pengalaman Ibu Uyung dalam mengembangkan Golden Wood melalui berbagai pelatihan dan pameran yang difasilitasi oleh #BRI. Seperti pepatah Tuntutlah ilmu sampai ke negeri Cina ibu Uyung berhasil membawa bisnisnya https://t.co/SOUNvnSTXh","1710585434525553076","https://pbs.twimg.com/amplify_video_thumb/1710585066131435520/img/bVtPuw7sCrE-bdII.jpg","","in","","0","20","4","https://x.com/undefined/status/1710585434525553076","1355939492",
"1753366542069440888","Fri Feb 02 10:35:34 +0000 2024","1","Inflasi di Januari hanya naik 2 57% lebih rendah daripada angka Desember 2 61% Harga saham $ASII $BBNI $BBRI dan $BMRI kompak naik hari ini #investasi #saham #bareksa","1753366542069440888","","","in","","0","0","0","https://x.com/undefined/status/1753366542069440888","920403926",
"1763548450946511087","Fri Mar 01 12:54:50 +0000 2024","88","BRI menggelar RUPST 2024. Kali ini BRI membagikan Rp48 10 triliun atau dividen per saham sebesar Rp319 setara dengan dividend payout ratio kurang lebih 80 04% dari laba atribusi. Dividen yang dibagikan BRI mengalami peningkatan 10 59% dibanding nominal yang dibayarkan tahun https://t.co/DL7kf5SIyI","1763548450946511087","https://pbs.twimg.com/amplify_video_thumb/1763548306142359552/img/u7SLl7HgZl_K2yDs.jpg","","in","","0","56","4","https://x.com/undefined/status/1763548450946511087","1355939492",
"1323872629904699392","Wed Nov 04 06:20:05 +0000 2020","270","Buka Tabungan BritAma Valas Dapatkan 1 gram logam mulia setiap pembukaan tabungan minimal USD10.000 dan dipertahankan selama 3 bulan atau voucher belanja senilai Rp150.000 untuk pembukaan minimal USD200. Periode program berlaku hingga 30 Desember 2020. #britamavalas #promobri","1323872629904699392","","","in","","7","44","26","https://x.com/undefined/status/1323872629904699392","1398703135",
"1792784094604218640","Tue May 21 05:08:25 +0000 2024","0","padahal niat cuma mau ngintip malah kepencet. untung cuma 1 lot untung ga kepencet 100% jg. ini fatal bgt sih. @ajaib_investasi #bbri","1792784489326022842","","gudangaramgvrl","in","","0","0","0","https://x.com/undefined/status/1792784489326022842","1668329676962668544",
"1207252593400930305","Wed Dec 18 10:53:42 +0000 2019","175","Dalam rangka menyambut HUT 124 tahun Bank BRI maka ada #promobri dari #bankbri yaitu KPR HUT BRI kredit dengan biaya admin mulai Rp 124rb Bunga mulai 6 74% dan voucher BRIZZI hingga Rp 1jt! Seru kan yuk segera ajukan KPR di Kantor Cabang BRI. #UntukIndonesiaBRILian #HUTBRI124","1207252593400930305","","","in","","3","16","23","https://x.com/undefined/status/1207252593400930305","1398703135",
"1717099768588251267","Wed Oct 25 08:44:21 +0000 2023","157","BRI makin kuat dan hebat! Dalam periode Kuartal III tahun ini BRI kembali berhasil mencatatkan kinerja impresif lho! Selama 9 bulan telah mencetak laba sebesar Rp 44 21 triliun atau tumbuh 12 47% (yoy). https://t.co/rb2lQbMx5Z","1717099768588251267","https://pbs.twimg.com/media/F9RdIuraMAAqQsB.jpg","","in","","1","21","21","https://x.com/undefined/status/1717099768588251267","1355939492",
"1207529942797258752","Thu Dec 19 05:15:47 +0000 2019","209","Dapatkan #promobri dengan ajukan kredit BRIguna di #BRIhut124 oleh #bankbri. Dapatkan Suku bunga spesial Provisi spesial 0 24% Reward member get member s.d Rp 200rb Jangka waktu maks s.d 15 tahun proses yang cepat dan mudah #UntukIndonesiaBRILian.","1207529942797258752","","","in","","1","21","23","https://x.com/undefined/status/1207529942797258752","1398703135",
"1554326130274234368","Tue Aug 02 04:40:12 +0000 2022","39","Baca berita lengkapnya -&gt; https://t.co/AcSfVfGC1C #BRI #MemberiMaknaIndonesia https://t.co/TWp0idBW3s","1554326173429411840","https://pbs.twimg.com/media/FZITaR3aUAESK5h.jpg","BANKBRI_ID","in","","0","58","1","https://x.com/undefined/status/1554326173429411840","1355939492",
"1207950657837092864","Fri Dec 20 09:07:34 +0000 2019","152","Mau nabung terus dapat asuransi? Dimana lagi selain di Tabungan BRI SIMPEDES dari #bankbri untuk setiap penambahan saldo mencapai Rp 5jt kamu berhak mendapat asuransi Acci Care BRILife yuk jangan sampai ketinggalan. #simpedesbri","1207950657837092864","","","in","","3","18","21","https://x.com/undefined/status/1207950657837092864","1398703135",
"1548158668054892544","Sat Jul 16 04:12:44 +0000 2022","59","Sobat BRI. Yuk simak tips berikut agar terhindar dari penipuan berkedok investasi. Pastikan hanya membeli produk investasi dengan legalitas resmi dan diawasi lembaga/otoritas. Sehat dan sukses selalu ya. #BRIEdukasi https://t.co/zPfeoxVesH","1548158668054892544","https://pbs.twimg.com/media/FXwp_R_acAIpGIk.jpg","","in","","1","57","5","https://x.com/undefined/status/1548158668054892544","1355925366",
"1842785169960534057","Sun Oct 06 04:33:16 +0000 2024","98","BRI berhasil meraih dua penghargaan sekaligus pada Asian Post Award 2024 The Best State Owned Enterprise dengan kategori The Top Dividend Contributor 2024 dan The Best Financial Performance in 14 Consecutive Years 2010 - 2023) . Terima kasih atas kepercayaan yang telah https://t.co/HgHQSaFcwz","1842785169960534057","https://pbs.twimg.com/media/GZLjV3vbsAAG6tO.jpg","","in","","0","113","1","https://x.com/undefined/status/1842785169960534057","1355939492",
"1783779933271257314","Fri Apr 26 08:47:31 +0000 2024","0","bisa2nya @ajaib_investasi pemeliharaan di jam bursa ‍️$BBRI $IHSG @IDX_BEI @OJK https://t.co/Ap43EzkkoS","1783779933271257314","https://pbs.twimg.com/media/GMFCQkSbkAASP_Z.jpg","","in","","0","0","0","https://x.com/undefined/status/1783779933271257314","2151075390",
"1663417029377019904","Tue May 30 05:28:19 +0000 2023","14","Tahukah kamu? Jika kamu investasi 100jt di reksadana indeks LQ45 saat ini maka sama saja kamu investasi: $BBCA : 15jt $BBRI : 15jt $TLKM : 11 2jt $BMRI : 10 3jt $ASII : 6 2jt $BBNI : 3 8jt $GOTO : 3 8jt $AMRT : 2 8jt $MDKA : 2 5jt $UNTR : 2 4jt + 35 emiten lain : 27jt","1663417029377019904","","","in","","0","2","0","https://x.com/undefined/status/1663417029377019904","960731841383743489",
"1753345166688354540","Fri Feb 02 09:10:37 +0000 2024","1273","Laba 2023 : BRI = Rp 60 triliun BMRI = Rp 55 triliun BCA = Rp 48 triliun. Rata2 laba tumbuh di atas 15% tiap tahun. Ngeri sekali. .","1753345166688354540","","","in","","43","63","296","https://x.com/undefined/status/1753345166688354540","190535830",
"1548975737163563009","Mon Jul 18 10:19:28 +0000 2022","42","Mau masa depan cerah dengan ngandelin investasi? Bisa dong! Kali aja Sobat BRI di sini ada yang belum tau kalo produk investasi itu gak melulu soal saham obligasi atau dan yang lainnya nyimpen uang juga termasuk investasi lho. https://t.co/jCnoOeoC9c","1548975737163563009","https://pbs.twimg.com/media/FX8ROB8VsAEw9xm.jpg","","in","","1","37","5","https://x.com/undefined/status/1548975737163563009","1355939492",
"1281429462580465664","Fri Jul 10 03:26:06 +0000 2020","542","Kinerja harga bbrapa saham unggulan dan emas sepanjang Jan - Juli 2020 : Saham Astra anjlok 29% Bank BRI anjlok 28% Bank Mandiri minus 29% Telkom minus 21% BCA minus 9% Unilever minus 5% Emas naik 23% Pahami risiko investasi. Lakukan diversifikasi.","1281429462580465664","","","in","","45","44","343","https://x.com/undefined/status/1281429462580465664","190535830",
"1818466909639393427","Wed Jul 31 16:48:26 +0000 2024","0","@conslution Investasi bbri ","1818690193874145284","","conslution","in","","0","0","0","https://x.com/undefined/status/1818690193874145284","1588111486844825602",
"1763503598087151627","Fri Mar 01 09:56:36 +0000 2024","94","Ucapan terima kasih atas pengabdian dan dedikasi yang telah diberikan selama ini untuk BRI kepada Bapak Hendrikus Ivo Dan selamat bertugas serta mengemban amanah baru kepada Bapak Haryo Baskoro Wicaksono sebagai Komisaris. Segenap Insan BRILiaN siap mendukung dan berkarya https://t.co/ikqEKNhJ1K","1763503598087151627","https://pbs.twimg.com/media/GHk5KkzaQAAJn8j.jpg","","in","","0","70","4","https://x.com/undefined/status/1763503598087151627","1355939492",
"1762434787820867799","Tue Feb 27 11:09:32 +0000 2024","63","AgenBRILink menjadi upaya BRI dalam meningkatkan kapabilitas pemberdayaan di perekonomian akar rumput. Semoga tiap tahunnya jumlah AgenBRILink terus meningkat supaya masyarakat bisa jangkau layanan keuangan di seluruh Indonesia. Yuk bisa yuk Indonesia capai inklusi keuangan https://t.co/tmMMQIHzw4","1762434787820867799","https://pbs.twimg.com/media/GHVtFODacAAX1Bi.jpg","","in","","0","42","5","https://x.com/undefined/status/1762434787820867799","1355939492",
"1841793601082376397","Thu Oct 03 10:53:08 +0000 2024","57","Newbie mau coba investasi saham? Sobat BRI harus denger Podcast SALDO kali ini yang kedatangan si paling saham Yudha Keling Selama ngobrol Yudha Keling banyak sharing pengalaman investasi saham saat dia rugi maupun cuan. Sharing juga mindset dia ke bang Indra Jegel dan https://t.co/IergoPdSm3","1841793601082376397","https://pbs.twimg.com/amplify_video_thumb/1841793496073793536/img/uSjMlKM5aI6frlSn.jpg","","in","","0","63","0","https://x.com/undefined/status/1841793601082376397","1355939492",
"1715316514117861508","Fri Oct 20 10:38:20 +0000 2023","120","Sobat BRI Kenalin nih ondel-ondel versi mini hasil karya Bu Fitri! Berbekal semangat pantang menyerah dan kejelian melihat peluang bisnis yang ada Bu Fitri berhasil membangun kembali bisnisnya yang sempat terpuruk akibat imbas pandemi. Yuk simak cerita lengkapnya lewat https://t.co/NoKhruv6wQ","1715316514117861508","https://pbs.twimg.com/amplify_video_thumb/1715315735319523328/img/a0tmoRdiC620IySL.jpg","","in","","0","13","4","https://x.com/undefined/status/1715316514117861508","1355939492",
"1782993944173068758","Wed Apr 24 04:44:17 +0000 2024","43","Sobat BRI pasti sudah kenal dengan program Desa BRILiaN kan? Desa Ibru merupakan salah satu contoh dari kesuksesan program Desa BRILian dalam mendorong pemberdayaan desa sebagai model pengembangan ekonomi dan sosial secara bersamaan Desa pemenang Desa BRILian Paling https://t.co/uOOu2wRkEJ","1782993944173068758","https://pbs.twimg.com/media/GL53icJboAAq3rb.jpg","","in","","0","33","1","https://x.com/undefined/status/1782993944173068758","1355939492",
"1783332303219081386","Thu Apr 25 03:08:48 +0000 2024","36","Sobat BRI Di tengah gejolak kondisi ekonomi dan geopolitik global BRI mampu membukukan pertumbuhan laba yang positif dimana hingga akhir Triwulan I Tahun 2024 BRI secara konsolidasian berhasil mencetak laba sebesar Rp15 98 triiliun. Melalui pencapaian kinerja ini BRI https://t.co/n0O4bWEk1H","1783332303219081386","https://pbs.twimg.com/media/GL-rRZGa0AAGbm2.jpg","","in","","0","19","2","https://x.com/undefined/status/1783332303219081386","1355939492",
"1534762717751304192","Thu Jun 09 05:02:01 +0000 2022","32","Kabar gembira untuk kita semua! SBN Ritel produk investasi yang ditujukan agar masyarakat bisa berkesempatan untuk berpartisipasi dalam pembiayaan negara sudah dirilis! Banyak banget keuntungan yang bisa kamu dapatkan! https://t.co/dPc32TkftY","1534762717751304192","https://pbs.twimg.com/media/FUySjdnVUAYH6ef.jpg","","in","","0","14","6","https://x.com/undefined/status/1534762717751304192","1355939492",
"1823698840492622198","Wed Aug 14 12:31:00 +0000 2024","29","Kalau ada yang ngajak dan bilang bisa kaya raya mendadak jangan percaya ya dek ya! Coba dengerin PODCAST SALDO Eps 03 banyak obrolan inspiratif buat Sobat BRI dari pengalaman bang Dicky Difie dan neng Riyuka Bunga yang hampir diiming-imingi kaya rasa instan sama lider Apos https://t.co/GXHbFL7Fok","1823698840492622198","https://pbs.twimg.com/media/GU8UbOKa4AQrt-F.jpg","","in","","0","3","0","https://x.com/undefined/status/1823698840492622198","1355939492",
"1711633851599254016","Tue Oct 10 06:44:45 +0000 2023","151","Brand binaan BRI lagi-lagi mejeng di pameran bergengsi Kriyanusa 2023. Menurut Kak Tio pemilik Craftote Gallery &amp; Coffee Rumah BUMN BRI berhasil ngajarin beliau branding marketing keuangan bahkan pinjaman untuk brandnya. Ilmu UMKM apa sih yang pengen kamu pelajari Sobat https://t.co/zqLFZQ14Ti","1711633851599254016","https://pbs.twimg.com/media/F8DxzP0bUAA6_GE.jpg","","in","","0","11","7","https://x.com/undefined/status/1711633851599254016","1355939492",
"1786993854367088644","Sun May 05 05:38:40 +0000 2024","46","Meski sudah turun nilai investasi anda di BBRI cukup untuk biaya rumah sakit tapi apakah rela untuk menjualnya? Kecuali mau pakai fasilitas BPJS Kesehatan atau asuransi kesehatan pilihan untuk cutloss itu tidak terhindarkan Punya BBRI - Aset Rich Pusing biaya RS - Cash Poor","1786993897383895130","","Rudiyanto_zh","in","","0","1","2","https://x.com/undefined/status/1786993897383895130","574453228",
"1565208004839948294","Thu Sep 01 05:20:43 +0000 2022","63","Sobat BRI. Yuk simak tips berikut agar terhindar dari penipuan berkedok investasi. Pastikan hanya membeli produk investasi dengan legalitas resmi dan diawasi lembaga/otoritas. Sehat dan sukses selalu ya. #BRIEdukasi https://t.co/Do96yvKhm3","1565208004839948294","https://pbs.twimg.com/media/Fbi8P17UsAAt0mE.jpg","","in","","0","61","5","https://x.com/undefined/status/1565208004839948294","1355925366",
"1600738704053919745","Thu Dec 08 06:28:31 +0000 2022","5","Sejalan dengan misi pemulihan ekonomi BRI tercatat memiliki permodalan yang kuat untuk memacu ekspansi kredit. Hal ini tercermin dari Capital Adequacy Ratio (CAR) secara konsolidasi yang mencapai 26%. #BRI #HUT127BRI #TumbuhdanTangguh","1600739078148087808","","BANKBRI_ID","in","","0","1","0","https://x.com/undefined/status/1600739078148087808","1355939492",
"1834496210595709378","Fri Sep 13 07:35:54 +0000 2024","15","Sepakbola Indonesia menjadi pendorong berbagai hal demi kemajuan negeri. BRI berkomitmen untuk selalu membantu perkembangan sepakbola Indonesia. Dengan majunya sepakbola Indonesia BRI yakin dapat membantu pertumbuhan ekonomi melahirkan generasi brilian dan juga antusiasme https://t.co/iEAghouiG6","1834496210595709378","https://pbs.twimg.com/amplify_video_thumb/1834495892650688514/img/ePHUq2kQ-MzmT37w.jpg","","in","","0","3","2","https://x.com/undefined/status/1834496210595709378","1355939492",
"1783904644898721887","Fri Apr 26 17:03:05 +0000 2024","0","Menurut Bank Indonesia uang beredar capai Rp 8.888 4 triliun pada kuartal I 2024! #investasi #keuangan #sty #GenBI #saham $BBRI $BBCA $BMRI $BBNI https://t.co/QRpKgBMxBL","1783904644898721887","","","in","","0","0","0","https://x.com/undefined/status/1783904644898721887","1748059284284571649",
"1583268906847698944","Fri Oct 21 01:28:17 +0000 2022","172","Penyebab saham BUMI naik dari 50-an sampai tembus 200 pada bulan Juni - September kemarin adalah agar Grup Salim bisa private placement (PP) pada harga Rp120/saham. Karena aturan BEI menyebut bahwa harga PP = harga rata-rata saham yg bersangkutan di pasar dalam 3 bulan terakhir","1583268906847698944","","","in","","4","11","33","https://x.com/undefined/status/1583268906847698944","185523454",
"1244937758172303371","Tue Mar 31 10:41:06 +0000 2020","636","Pengembalian BLBI dalam bentuk asset ketika dipaksa jual IMF recovery rate hanya 25%. Tanpa governance dan transparansi yg benar R-bonds kemungkinan hanya akan jadi skandal besar keuangan berikutnya.","1244937758172303371","","","in","","2","16","192","https://x.com/undefined/status/1244937758172303371","452992293",
"1358937908757975041","Tue Feb 09 00:36:59 +0000 2021","291","Laba bank BRI tahun 2020 anjlok 43%. Laba bank Mandiri turun 37%. Penurunan laba yg amat signifikan. Namun laba BCA hanya turun 5% tahun 2020 lalu. Daya resiliensi dan strategi efisiensi BCA sungguh epik.","1358937908757975041","","","in","","34","27","131","https://x.com/undefined/status/1358937908757975041","190535830",
"1873955963222581417","Tue Dec 31 05:04:33 +0000 2024","740","@irwndfrry Kalo kaitannya sama holding justru BBCA adalah usaha diversifikasi dari rokok &amp; beruntungnya usaha banking ini thriving. Justru venture lain di holding yg perlu dilihat Lagipula BBCA udah KBMI 4 satu di antara 4 pengisi di level ini. Sisanya Himbara.","1873958400541024339","","","in","","1","1","25","https://x.com/undefined/status/1873958400541024339","1795636356536008704",
"1371386702103601158","Mon Mar 15 09:04:03 +0000 2021","197","[BREAKING] $BMRI memutuskan untuk membagikan 60% dari laba bersih tahun 2020 mereka (atau sekitar Rp10 2 triliun) sebagai dividen tunai. Itu berarti dividen per lembar BMRI sebesar Rp220 per lembar atau sekitar 3 3% dari harga BMRI saat ini di Rp6.650 per lembar.","1371386702103601158","","","in","","65","27","75","https://x.com/undefined/status/1371386702103601158","958566590768926721",
"1830775433430003815","Tue Sep 03 01:10:52 +0000 2024","0","Stock Picks 3 September 2024 BBRI Spec Buy dengan support 5075 cut loss jika break di bawah 4975. Jika tidak break di bawah 5075 potensi naik ke 5275-5375 short term. #cgsid #stockpicks #investasi Disclaimer: https://t.co/qmGqJPeGK4","1830775433430003815","","","in","","0","1","0","https://x.com/undefined/status/1830775433430003815","1016655635293749249",
"1829326783050862826","Fri Aug 30 01:14:26 +0000 2024","0","Stock Picks 30 Agustus 2024 BBRI Spec Buy dengan support 5025 cut loss jika break di bawah 4925. Jika tidak break di bawah 5025 potensi naik ke 5225-5325 short term. #cgsid #stockpicks #investasi Disclaimer: https://t.co/qmGqJPeGK4","1829326783050862826","","","in","","0","1","0","https://x.com/undefined/status/1829326783050862826","1016655635293749249",
"1809034722032693486","Fri Jul 05 01:21:02 +0000 2024","0","Stock Picks 5 Juli 2024 BBRI Spec Buy dengan support 4680 cut loss jika break di bawah 4570. Jika tidak break di bawah 4680 potensi naik ke 4900-5025 short term. #cgsid #stockpicks #investasi Disclaimer: https://t.co/KjdqzgZ0q5","1809034722032693486","","","in","","0","1","0","https://x.com/undefined/status/1809034722032693486","1016655635293749249",
"1702192785968033856","Thu Sep 14 05:29:20 +0000 2023","0","Apakah Investasi saham patut diperjuangkan ? Ilustrasi : BBRI IPO 2003 (indeks 100) Saat ini Index BBRI 6.304. Gain per tahun = (6.304/100)^(1/20 thn) - 1 = 20% Tambah dividen gain per tahun BBRI = 20% + 5% dividen = 25% per tahun (+/- 2% per bulan) https://t.co/XCTlQPhHTa","1702192785968033856","https://pbs.twimg.com/media/F59nUWbaUAANqsh.jpg","","in","","1","1","0","https://x.com/undefined/status/1702192785968033856","1438070716914569219",
"1724726003329826875","Wed Nov 15 09:48:17 +0000 2023","0","Prestasi Keuangan yang Gemilang Analis Rekomendasikan Investasi Saham BBRI https://t.co/No9gbnyEgs","1724726003329826875","","","in","","0","0","0","https://x.com/undefined/status/1724726003329826875","1487316624676110337",
"1862851578778275987","Sat Nov 30 13:30:01 +0000 2024","0","Yha terus? Apakah ini membuat kebijakan investasi Black Rock berubah ke buy $BBRI? ‍️","1862851578778275987","","","in","","0","0","0","https://x.com/undefined/status/1862851578778275987","167774647",
"1627977661518848000","Tue Feb 21 10:24:55 +0000 2023","0","Berita terbaru: Lampaui Target Penjualan SBR012 oleh BRI Sentuh Rp2 1 Triliun https://t.co/XiYdJU2mup #BBRI #bri #BRImo #Cara_Beli_Saham #investasi","1627977661518848000","","","in","","0","0","0","https://x.com/undefined/status/1627977661518848000","130420120",
"1645656023267696641","Tue Apr 11 05:12:25 +0000 2023","0","Berita terbaru: Lampaui Target BRI Catat Penjualan SBN SR018 Capai 231 25 persen https://t.co/6y9hBx6kMn #BBRI #bri #investasi #SBN","1645656023267696641","","","in","","0","0","0","https://x.com/undefined/status/1645656023267696641","130420120",
"1144660857680326658","Fri Jun 28 17:36:29 +0000 2019","3424","Modal pribadi gue. di bank Mandiri 175.564.000 Bank BNI 201.003.255 Bank BRI 97.500.050 Akan gue alihkan ke Bank Sandiaga uno dan prabowo. Blm asset emas pribadi dan keluarga","1144660857680326658","","","in","","171","632","517","https://x.com/undefined/status/1144660857680326658","1120163021601435650",
"1879295794291101758","Tue Jan 14 22:33:27 +0000 2025","0","dlm situasi ekonomi yg bergejolak bijak2 memilih instrumen investasi. bbri sudah 8% yield jauh diatas obligasi negara. Terima kasih Pak Rudi","1879295794291101758","","","in","","0","0","0","https://x.com/undefined/status/1879295794291101758","233524760",
"1808054211697135674","Tue Jul 02 08:24:50 +0000 2024","0","Gaji 50jt bisa buat beli - 50 lot saham BBCA - 108 Lot saham BBRI - 82 lot saham INDF - 176 lot saham ADRO - 50 lot saham BREN #saham #belajarsaham #investasi","1808054211697135674","","","in","","0","0","0","https://x.com/undefined/status/1808054211697135674","1005386994141184000",
"1749621440197054482","Tue Jan 23 02:33:52 +0000 2024","2","Investasi di BBCA dan BBRI lebih cuan betul kan @ardi_tama1","1749621440197054482","","","in","","0","1","0","https://x.com/undefined/status/1749621440197054482","64622098",
"1823930130512929194","Thu Aug 15 03:50:04 +0000 2024","154","setoran dividen bri kepada negara di tahun 2023 tercatat sebesar 23 2 triliun maka perusahaan bumn bisa memiliki modal untuk menciptakan social value sehingga ekonomi akan berputar lebih pesat #BRIuntukNegeri klik link lengkapnya disini https://t.co/cNVlMIidOv https://t.co/jXbBbHhcNV","1823930130512929194","https://pbs.twimg.com/media/GU_myB5a4AEfrAv.jpg","","in","","0","246","185","https://x.com/undefined/status/1823930130512929194","1038942409",
"1499294737760616454","Thu Mar 03 08:04:55 +0000 2022","94","Kabar gembira dari Menteri BUMN @erickthohir bahwa @BANKBRI_ID Bagikan Dividen Rp 26 4 Triliun Naik 76 Persen Dibandingkan 2020 Bukti Kesuksesan Holding BUMN Ultra Mikro --UTAS-- #DividenBRI https://t.co/1qxyWVoNq9","1499294737760616454","https://pbs.twimg.com/media/FM6QBuUVQAE5_ri.jpg","","in","","2","18","89","https://x.com/undefined/status/1499294737760616454","1368274895071629312",
"1127561288635375616","Sun May 12 13:08:54 +0000 2019","195","Indonesia harus mewaspadai investasi besar-besaran China di Indonesia dalam misi Belt Road Iniative (BRI). Sebab investasi itu dapat menimbulkan debt trap atau jebakan utang. https://t.co/8hN584LgvC","1127561288635375616","","","in","","6","9","112","https://x.com/undefined/status/1127561288635375616","1476693997",
"1534399886598098944","Wed Jun 08 05:01:24 +0000 2022","27","Dengan ini BRI berharap bisa menjunjung tinggi social value agar kinerja Perseroan dapat terus tumbuh secara sehat kuat &amp; berkelanjutan. Demikian pengumuman yang bisa disampaikan. Eh btw uang Rp27 09 triliun itu berapa koper ya? #BRI #BRI27TUntukNegeri #MemberiMaknaIndonesia","1534400175908786177","","BANKBRI_ID","in","","1","24","4","https://x.com/undefined/status/1534400175908786177","1355939492",
"1475229438019137536","Sun Dec 26 22:18:01 +0000 2021","779","Pemerintah Alihkan Saham Bank Mandiri dan BRI Senilai Total Rp45 Triliun https://t.co/xy933QT9Vh","1475229438019137536","","","in","","34","73","249","https://x.com/undefined/status/1475229438019137536","38155089",
"1806524135537041639","Mon Jul 01 11:39:52 +0000 2024","0","@BANKBRI_ID Investasi BBRI saja","1807740905040093296","","BANKBRI_ID","in","","0","0","0","https://x.com/undefined/status/1807740905040093296","1797208700635242496",
"1783495432901198309","Thu Apr 25 13:57:01 +0000 2024","0","Bank BRI cetak laba Rp 15 9 triliun buat kuartal I 2024! Kredit macetnya ternyata bertambah. Harga sahamnya udah turun -9 25% sejak awal Januari buy or bye? $BBRI #investasi #saham #idx #ihsg #kripto #viralvideo https://t.co/3e7gXFY075","1783495432901198309","","","in","","0","0","1","https://x.com/undefined/status/1783495432901198309","1748059284284571649",
"1784434084250636376","Sun Apr 28 04:06:53 +0000 2024","195","Buat saya BBRI Selain Asset Quality kena NPL + CKPN worsening ada satu hal yang sederhana lain. Yang jarang orang bahas Funding. Structure Funding : CASA (Dana Murah: Giro + Tabungan) + Time Deposit (Dana Mahal). CASA Ratio BBRI","1784434084250636376","","","in","","6","4","44","https://x.com/undefined/status/1784434084250636376","1379401879076020228",
"1600738704053919745","Thu Dec 08 06:28:13 +0000 2022","2","Kemampuan BRI dalam menjalankan fungsi manajemen risiko yang baik juga dapat diilihat dari NPL perseroan yang manageable di level 3 09% pada kuartal III-2022. #BRI #HUT127BRI #TumbuhdanTangguh","1600739003690811392","","BANKBRI_ID","in","","0","1","0","https://x.com/undefined/status/1600739003690811392","1355939492",
"1563374122633404417","Sat Aug 27 03:53:46 +0000 2022","11","Adalah Nasrul Sualdi lelaki yang awalnya hanya pemilik warung/kedai ini bak kejatuhan durian runtuh belum lama ini. Pasalnya semenjak kedainya menjadi Agen BRILink pendapatan per bulannya jadi fantastis hingga puluhan juta rupiah. #BRI #MemberiMaknaIndonesia","1563374184491003904","","BANKBRI_ID","in","","0","10","1","https://x.com/undefined/status/1563374184491003904","1355939492",
"1562016252465254401","Tue Aug 23 09:58:37 +0000 2022","11","Bahkan sampai 2024 nanti BRI menargetkan 55 juta nasabah ultra mikro. Tujuannya biar memiliki pengetahuan kemampuan dan kesempatan akses layanan keuangan yang adil dan inklusif serta dapat menaik-kelaskan pelaku usaha ultra mikro. #BRI #MemberiMaknaIndonesia","1562016451363348480","","BANKBRI_ID","in","","0","25","1","https://x.com/undefined/status/1562016451363348480","1355939492",
"1534762717751304192","Thu Jun 09 05:03:48 +0000 2022","10","Bangga banget deh bisa berinvestasi dan memberi kontribusi untuk negeri. Namun ingat yaa lakukan pemesanan atau pembelian dengan legalitas yang jelas. Jangan sampai kamu nantinya malah boncos karena kena tipu :(((( #BRI #MemberiMaknaIndonesia","1534763168857149440","","BANKBRI_ID","in","","0","12","1","https://x.com/undefined/status/1534763168857149440","1355939492",
"1400708387717873664","Fri Jun 04 06:57:58 +0000 2021","277","Buru Aset BLBI Rp110 Triliun Sri Mulyani Andalkan BIN hingga Kejaksaan Satuan Tugas (Satgas) Bantuan Likuiditas Bank Indonesia (BLBI) terus memburu aset BLBI sebesar Rp110 45 triliun baik dari dalam negeri maupun di luar negeri. https://t.co/JQK8ZqL6HZ","1400708387717873664","","","in","","5","2","48","https://x.com/undefined/status/1400708387717873664","2156465923",
"1550426897078579200","Fri Jul 22 10:26:30 +0000 2022","19","Kamu juga bisa berinvestasi buat nambahin pengumpulan dana. Salah satunya yaitu deposito yang bisa bikin financial goals kamu lebih terencana &amp; terukur karena hanya bisa dicairkan sesuai target waktu yang ditetapkan. Yuk investasi deposito di BRI! #BRI #MemberiMaknaIndonesia","1550427055506051072","","BANKBRI_ID","in","","0","25","0","https://x.com/undefined/status/1550427055506051072","1355939492",
"1546360167750438912","Mon Jul 11 05:06:41 +0000 2022","18","Hal itu coba diterapkan juga oleh BRI dengan menghemat penggunaan sumber daya alam dan mengurangi potensi emisi karbon. Kan berabe ya kalo energi sumber daya alam terus dikeruk bisa berpengaruh ke perekonomian nasional alias gak stabil. #BRI #MemberiMaknaIndonesia","1546360305202057216","","BANKBRI_ID","in","","0","48","0","https://x.com/undefined/status/1546360305202057216","1355939492",
"1705562443022504383","Sat Sep 23 23:49:31 +0000 2023","826","@AnangPradipta @worksfess Karena pinjol bunganya sangat tinggi saranku ambil pinjaman BRI dengan jaminan surat tanah. Kalau hutangnya 50 an. Ambil sekalian misal 80 juta. Yg 20 jutaan buat modal usaha jualan online misal. Tentu dengan perhitungan mengambangkan 2-3 bulan angsuran sekalian.","1705731149803471161","","AnangPradipta","in","","1","14","27","https://x.com/undefined/status/1705731149803471161","226416224",
"1344953598610821121","Fri Jan 01 10:28:20 +0000 2021","197","Jika Bank Rakyat Indonesia dgn BRI-Agro dan BRI-Linknya terbukti meraih dividen tertinggi (Rp.9252 milyar thn 2019) mungkinkah Menteri BUMN menugaskan BRI bantu Pemda mengelola pembangunan pedesaan utk propinsi2 Papua-Papua Barat ?","1344953598610821121","","","in","","1","4","34","https://x.com/undefined/status/1344953598610821121","175802067",
"1456923346231185414","Sat Nov 06 10:00:57 +0000 2021","219","Terus sedikit mo tanya nih Mprof; jadi Obligor BLBI itu Bank Bumidaya/PT.TPM si? Dulu khn aset itu dijaminkan pada BBD tuk dapat fasilitas pinjaman. Belakangan BBD jadi bank Mandiri. Bukannya dana PT.TPN juga sdh dibekukan di Mandiri? Baik TPM pun pemerintah ga bisa ambil ya?","1456924556149420039","","MinmonPS7","in","","0","5","46","https://x.com/undefined/status/1456924556149420039","1116041282126618624",
"1151747193696428032","Thu Jul 18 09:13:34 +0000 2019","68","KUIS #SBR007 #BNISBR007 #KiniUntukNanti Apa keunggulan SBR007 bagi Investor? a. Bersih dan Transparan b. Investasi ringan dan gampang dibawa kemana-mana c. Aman dan Imbal hasil menarik","1151782049625153537","","BNI","in","","5","412","126","https://x.com/undefined/status/1151782049625153537","62455266",
